59784720	KBBBBBvK.rtbw
264510736	KBBBBBvK.rtbz
45612752	KBBBBNvK.rtbw
1426493776	KBBBBNvK.rtbz
207384592	KBBBBPvK.rtbw
328228432	KBBBBPvK.rtbz
586926992	KBBBBvKB.rtbw
819732432	KBBBBvKB.rtbz
229161872	KBBBBvKN.rtbw
842117712	KBBBBvKN.rtbz
1097126672	KBBBBvKP.rtbw
1017506832	KBBBBvKP.rtbz
1404985104	KBBBBvKQ.rtbw
1150639568	KBBBBvKQ.rtbz
344113488	KBBBBvKR.rtbw
1452021776	KBBBBvKR.rtbz
7392976	KBBBBvK.rtbw
27287312	KBBBBvK.rtbz
114984528	KBBBNNvK.rtbw
3121053008	KBBBNNvK.rtbz
488014544	KBBBNPvK.rtbw
750385104	KBBBNPvK.rtbz
1194989008	KBBBNvKB.rtbw
5500184016	KBBBNvKB.rtbz
121048272	KBBBNvKN.rtbw
5354376080	KBBBNvKN.rtbz
2885594064	KBBBNvKP.rtbw
5384825616	KBBBNvKP.rtbz
8034889296	KBBBNvKQ.rtbw
5680054608	KBBBNvKQ.rtbz
3218733968	KBBBNvKR.rtbw
10171866832	KBBBNvKR.rtbz
2361872	KBBBNvK.rtbw
132436304	KBBBNvK.rtbz
191930704	KBBBPPvK.rtbw
106358800	KBBBPPvK.rtbz
5157993808	KBBBPvKB.rtbw
3434519248	KBBBPvKB.rtbz
3317997328	KBBBPvKN.rtbw
3091892048	KBBBPvKN.rtbz
2884122192	KBBBPvKP.rtbw
1150176528	KBBBPvKP.rtbz
22683802512	KBBBPvKQ.rtbw
10930192464	KBBBPvKQ.rtbz
7976407312	KBBBPvKR.rtbw
6607752592	KBBBPvKR.rtbz
15914576	KBBBPvK.rtbw
19743760	KBBBPvK.rtbz
543257488	KBBBvKBB.rtbw
66233808	KBBBvKBB.rtbz
3271845840	KBBBvKBN.rtbw
4010586640	KBBBvKBN.rtbz
12139976464	KBBBvKBP.rtbw
6201116048	KBBBvKBP.rtbz
47843536	KBBBvKB.rtbw
60644496	KBBBvKB.rtbz
2022733456	KBBBvKNN.rtbw
3443458256	KBBBvKNN.rtbz
10697385552	KBBBvKNP.rtbw
9411050832	KBBBvKNP.rtbz
33066768	KBBBvKN.rtbw
91589200	KBBBvKN.rtbz
4362743952	KBBBvKPP.rtbw
1302287376	KBBBvKPP.rtbz
125973264	KBBBvKP.rtbw
90165968	KBBBvKP.rtbz
1498621648	KBBBvKQB.rtbw
5208915536	KBBBvKQB.rtbz
1834003344	KBBBvKQN.rtbw
5484444304	KBBBvKQN.rtbz
17531320848	KBBBvKQP.rtbw
8156402320	KBBBvKQP.rtbz
305121104	KBBBvKQQ.rtbw
445147472	KBBBvKQQ.rtbz
1355052304	KBBBvKQR.rtbw
2200438544	KBBBvKQR.rtbz
123568656	KBBBvKQ.rtbw
75157904	KBBBvKQ.rtbz
1424915024	KBBBvKRB.rtbw
238071440	KBBBvKRB.rtbz
4118907344	KBBBvKRN.rtbw
970112400	KBBBvKRN.rtbz
14696705104	KBBBvKRP.rtbw
19132632720	KBBBvKRP.rtbz
2331875088	KBBBvKRR.rtbw
520457360	KBBBvKRR.rtbz
53705104	KBBBvKR.rtbw
176207824	KBBBvKR.rtbz
739600	KBBBvK.rtbw
1938576	KBBBvK.rtbz
103294864	KBBNNNvK.rtbw
3160624784	KBBNNNvK.rtbz
671676816	KBBNNPvK.rtbw
970789008	KBBNNPvK.rtbz
500329552	KBBNNvKB.rtbw
10941478032	KBBNNvKB.rtbz
117776656	KBBNNvKN.rtbw
7711501776	KBBNNvKN.rtbz
3718531024	KBBNNvKP.rtbw
7157173392	KBBNNvKP.rtbz
8877123856	KBBNNvKQ.rtbw
6552074576	KBBNNvKQ.rtbz
3005513616	KBBNNvKR.rtbw
18348568784	KBBNNvKR.rtbz
3728976	KBBNNvK.rtbw
210094096	KBBNNvK.rtbz
425011152	KBBNPPvK.rtbw
353673232	KBBNPPvK.rtbz
4303217488	KBBNPvKB.rtbw
11303991632	KBBNPvKB.rtbz
839243216	KBBNPvKN.rtbw
3335955152	KBBNPvKN.rtbz
8198018704	KBBNPvKP.rtbw
1905480848	KBBNPvKP.rtbz
74480544656	KBBNPvKQ.rtbw
32704568592	KBBNPvKQ.rtbz
14802520784	KBBNPvKR.rtbw
28058238608	KBBNPvKR.rtbz
17857616	KBBNPvK.rtbw
24568912	KBBNPvK.rtbz
2539277456	KBBNvKBB.rtbw
817735248	KBBNvKBB.rtbz
16621643856	KBBNvKBN.rtbw
21660861392	KBBNvKBN.rtbz
38000319312	KBBNvKBP.rtbw
43162199440	KBBNvKBP.rtbz
108237840	KBBNvKB.rtbw
426154256	KBBNvKB.rtbz
6107778256	KBBNvKNN.rtbw
11558665424	KBBNvKNN.rtbz
29926532688	KBBNvKNP.rtbw
55262195088	KBBNvKNP.rtbz
43695824	KBBNvKN.rtbw
571817552	KBBNvKN.rtbz
10215733840	KBBNvKPP.rtbw
6207001808	KBBNvKPP.rtbz
219919120	KBBNvKP.rtbw
418575952	KBBNvKP.rtbz
3868255440	KBBNvKQB.rtbw
12099774032	KBBNvKQB.rtbz
4444947920	KBBNvKQN.rtbw
12849465232	KBBNvKQN.rtbz
47494928720	KBBNvKQP.rtbw
21571958352	KBBNvKQP.rtbz
498977104	KBBNvKQQ.rtbw
941432208	KBBNvKQQ.rtbz
3138792720	KBBNvKQR.rtbw
4966750992	KBBNvKQR.rtbz
380874384	KBBNvKQ.rtbw
173070736	KBBNvKQ.rtbz
7933249872	KBBNvKRB.rtbw
836662352	KBBNvKRB.rtbz
8376214544	KBBNvKRN.rtbw
1427586384	KBBNvKRN.rtbz
45222647568	KBBNvKRP.rtbw
37987816848	KBBNvKRP.rtbz
7476509776	KBBNvKRR.rtbw
3325662736	KBBNvKRR.rtbz
177750928	KBBNvKR.rtbw
401373904	KBBNvKR.rtbz
106832	KBBNvK.rtbw
9450128	KBBNvK.rtbz
106662416	KBBPPPvK.rtbw
41144976	KBBPPPvK.rtbz
5990685776	KBBPPvKB.rtbw
1462851664	KBBPPvKB.rtbz
1262714576	KBBPPvKN.rtbw
776621072	KBBPPvKN.rtbz
3324732624	KBBPPvKP.rtbw
367529488	KBBPPvKP.rtbz
23751537104	KBBPPvKQ.rtbw
12202999568	KBBPPvKQ.rtbz
9782342160	KBBPPvKR.rtbw
7444202384	KBBPPvKR.rtbz
7576912	KBBPPvK.rtbw
4512976	KBBPPvK.rtbz
9484985168	KBBPvKBB.rtbw
1446606352	KBBPvKBB.rtbz
37556596560	KBBPvKBN.rtbw
11952870288	KBBPvKBN.rtbz
33115579408	KBBPvKBP.rtbw
12847387216	KBBPvKBP.rtbz
526699216	KBBPvKB.rtbw
294062352	KBBPvKB.rtbz
28455424464	KBBPvKNN.rtbw
12504407632	KBBPvKNN.rtbz
36600362320	KBBPvKNP.rtbw
15164731408	KBBPvKNP.rtbz
520288592	KBBPvKN.rtbw
403753360	KBBPvKN.rtbz
8818547856	KBBPvKPP.rtbw
2441519568	KBBPvKPP.rtbz
253195856	KBBPvKP.rtbw
89819920	KBBPvKP.rtbz
13268139792	KBBPvKQB.rtbw
27540254352	KBBPvKQB.rtbz
16738951120	KBBPvKQN.rtbw
29248393040	KBBPvKQN.rtbz
16783747792	KBBPvKQP.rtbw
11381460880	KBBPvKQP.rtbz
1497722576	KBBPvKQQ.rtbw
2269661584	KBBPvKQQ.rtbz
9428796304	KBBPvKQR.rtbw
10512542928	KBBPvKQR.rtbz
900819984	KBBPvKQ.rtbw
803490576	KBBPvKQ.rtbz
39056658640	KBBPvKRB.rtbw
7308675920	KBBPvKRB.rtbz
70028406928	KBBPvKRN.rtbw
27537448720	KBBPvKRN.rtbz
39030320976	KBBPvKRP.rtbw
14414846928	KBBPvKRP.rtbz
20575916752	KBBPvKRR.rtbw
28732806480	KBBPvKRR.rtbz
693450576	KBBPvKR.rtbw
575965328	KBBPvKR.rtbz
1167824	KBBPvK.rtbw
1075152	KBBPvK.rtbz
2299280	KBBvKBB.rtbw
1448528	KBBvKBB.rtbz
24025168	KBBvKBN.rtbw
3276624	KBBvKBN.rtbz
267107024	KBBvKBP.rtbw
20158032	KBBvKBP.rtbz
351824	KBBvKB.rtbw
53072	KBBvKB.rtbz
67641616	KBBvKNN.rtbw
18342352	KBBvKNN.rtbz
1068332880	KBBvKNP.rtbw
988169872	KBBvKNP.rtbz
5064400	KBBvKN.rtbw
8136912	KBBvKN.rtbz
234749584	KBBvKPP.rtbw
114093264	KBBvKPP.rtbz
7783952	KBBvKP.rtbw
6765008	KBBvKP.rtbz
2217040	KBBvKQ.rtbw
7933776	KBBvKQ.rtbz
574864	KBBvKR.rtbw
89360	KBBvKR.rtbz
58000	KBBvK.rtbw
136272	KBBvK.rtbz
34259280	KBNNNNvK.rtbw
1400966928	KBNNNNvK.rtbz
382290128	KBNNNPvK.rtbw
554360912	KBNNNPvK.rtbz
107902672	KBNNNvKB.rtbw
7365002128	KBNNNvKB.rtbz
102915536	KBNNNvKN.rtbw
6028721744	KBNNNvKN.rtbz
3499375824	KBNNNvKP.rtbw
5176108240	KBNNNvKP.rtbz
8303148496	KBNNNvKQ.rtbw
5225643984	KBNNNvKQ.rtbz
3184458640	KBNNNvKR.rtbw
9968730192	KBNNNvKR.rtbz
1920336	KBNNNvK.rtbw
119705680	KBNNNvK.rtbz
354188880	KBNNPPvK.rtbw
286666256	KBNNPPvK.rtbz
1021804880	KBNNPvKB.rtbw
4592862544	KBNNPvKB.rtbz
1122723536	KBNNPvKN.rtbw
3716028816	KBNNPvKN.rtbz
9154460624	KBNNPvKP.rtbw
2424323472	KBNNPvKP.rtbz
71529921744	KBNNPvKQ.rtbw
30333746896	KBNNPvKQ.rtbz
23190909840	KBNNPvKR.rtbw
37826257808	KBNNPvKR.rtbz
16576720	KBNNPvK.rtbw
20478608	KBNNPvK.rtbz
6200030224	KBNNvKBB.rtbw
5137207184	KBNNvKBB.rtbz
6024521744	KBNNvKBN.rtbw
1837891920	KBNNvKBN.rtbz
41690880080	KBNNvKBP.rtbw
71381408208	KBNNvKBP.rtbz
87792144	KBNNvKB.rtbw
687529808	KBNNvKB.rtbz
4110575184	KBNNvKNN.rtbw
2141989584	KBNNvKNN.rtbz
35353919504	KBNNvKNP.rtbw
65277071440	KBNNvKNP.rtbz
53104208	KBNNvKN.rtbw
699881872	KBNNvKN.rtbz
11498768848	KBNNvKPP.rtbw
6940981264	KBNNvKPP.rtbz
235102800	KBNNvKP.rtbw
405945936	KBNNvKP.rtbz
3560498000	KBNNvKQB.rtbw
9209854224	KBNNvKQB.rtbz
3941107728	KBNNvKQN.rtbw
11524046736	KBNNvKQN.rtbz
41296768144	KBNNvKQP.rtbw
18427999504	KBNNvKQP.rtbz
419351504	KBNNvKQQ.rtbw
848048400	KBNNvKQQ.rtbz
2117902736	KBNNvKQR.rtbw
4325209232	KBNNvKQR.rtbz
269296080	KBNNvKQ.rtbw
128514640	KBNNvKQ.rtbz
13600039248	KBNNvKRB.rtbw
2597258384	KBNNvKRB.rtbz
5230161296	KBNNvKRN.rtbw
573704848	KBNNvKRN.rtbz
27777282832	KBNNvKRP.rtbw
4078552784	KBNNvKRP.rtbz
7082660688	KBNNvKRR.rtbw
5466873232	KBNNvKRR.rtbz
53294928	KBNNvKR.rtbw
10115792	KBNNvKR.rtbz
92496	KBNNvK.rtbw
9450128	KBNNvK.rtbz
173071376	KBNPPPvK.rtbw
76156240	KBNPPPvK.rtbz
1450658640	KBNPPvKB.rtbw
1694256784	KBNPPvKB.rtbz
898805264	KBNPPvKN.rtbw
980559440	KBNPPvKN.rtbz
7262852944	KBNPPvKP.rtbw
853865936	KBNPPvKP.rtbz
48864309008	KBNPPvKQ.rtbw
20680640272	KBNPPvKQ.rtbz
16209317904	KBNPPvKR.rtbw
18645801936	KBNPPvKR.rtbz
10476176	KBNPPvK.rtbw
12170000	KBNPPvK.rtbz
23033257424	KBNPvKBB.rtbw
3703028624	KBNPvKBB.rtbz
51298299536	KBNPvKBN.rtbw
14994507408	KBNPvKBN.rtbz
68806754704	KBNPvKBP.rtbw
50523373904	KBNPvKBP.rtbz
613637584	KBNPvKB.rtbw
1221612240	KBNPvKB.rtbz
27737249872	KBNPvKNN.rtbw
11025440080	KBNPvKNN.rtbz
68483396752	KBNPvKNP.rtbw
42970754384	KBNPvKNP.rtbz
555586384	KBNPvKN.rtbw
861113424	KBNPvKN.rtbz
16320065872	KBNPvKPP.rtbw
4352809488	KBNPvKPP.rtbz
453956880	KBNPvKP.rtbw
109660304	KBNPvKP.rtbz
27514179280	KBNPvKQB.rtbw
39889726224	KBNPvKQB.rtbz
31142402512	KBNPvKQN.rtbw
45656804752	KBNPvKQN.rtbz
28903623504	KBNPvKQP.rtbw
17422108880	KBNPvKQP.rtbz
2192961488	KBNPvKQQ.rtbw
3393176080	KBNPvKQQ.rtbz
17904112528	KBNPvKQR.rtbw
16303874512	KBNPvKQR.rtbz
1521897424	KBNPvKQ.rtbw
1257508304	KBNPvKQ.rtbz
141167608656	KBNPvKRB.rtbw
65238915152	KBNPvKRB.rtbz
96840165456	KBNPvKRN.rtbw
23991380432	KBNPvKRN.rtbz
82917193040	KBNPvKRP.rtbw
32889776976	KBNPvKRP.rtbz
38500452432	KBNPvKRR.rtbw
50770361296	KBNPvKRR.rtbz
1450159760	KBNPvKR.rtbw
1609326096	KBNPvKR.rtbz
478800	KBNPvK.rtbw
556880	KBNPvK.rtbz
6458128	KBNvKBN.rtbw
4345168	KBNvKBN.rtbz
666171088	KBNvKBP.rtbw
49625744	KBNvKBP.rtbz
716816	KBNvKB.rtbw
114576	KBNvKB.rtbz
6934544	KBNvKNN.rtbw
2060688	KBNvKNN.rtbz
861885648	KBNvKNP.rtbw
136410896	KBNvKNP.rtbz
3575952	KBNvKN.rtbw
1826640	KBNvKN.rtbz
482900880	KBNvKPP.rtbw
540480784	KBNvKPP.rtbz
10146256	KBNvKP.rtbw
32367120	KBNvKP.rtbz
1054544	KBNvKQ.rtbw
12536144	KBNvKQ.rtbz
1328144	KBNvKR.rtbw
118480	KBNvKR.rtbz
7632	KBNvK.rtbw
461840	KBNvK.rtbz
30983824	KBPPPPvK.rtbw
12069712	KBPPPPvK.rtbz
1797519120	KBPPPvKB.rtbw
503454608	KBPPPvKB.rtbz
664016016	KBPPPvKN.rtbw
264358928	KBPPPvKN.rtbz
1491992336	KBPPPvKP.rtbw
139152784	KBPPPvKP.rtbz
7843120592	KBPPPvKQ.rtbw
4830491664	KBPPPvKQ.rtbz
6897087952	KBPPPvKR.rtbw
2689630224	KBPPPvKR.rtbz
2786192	KBPPPvK.rtbw
1369872	KBPPPvK.rtbz
10506012560	KBPPvKBB.rtbw
853889104	KBPPvKBB.rtbz
26785262544	KBPPvKBN.rtbw
2479519760	KBPPvKBN.rtbz
30746474768	KBPPvKBP.rtbw
5561195536	KBPPvKBP.rtbz
441693840	KBPPvKB.rtbw
139204816	KBPPvKB.rtbz
12739203920	KBPPvKNN.rtbw
1999931792	KBPPvKNN.rtbz
28727898832	KBPPvKNP.rtbw
6471055824	KBPPvKNP.rtbz
320832464	KBPPvKN.rtbw
133937616	KBPPvKN.rtbz
7973639248	KBPPvKPP.rtbw
1058776592	KBPPvKPP.rtbz
166772624	KBPPvKP.rtbw
22682576	KBPPvKP.rtbz
10213373456	KBPPvKQB.rtbw
11739816016	KBPPvKQB.rtbz
11843914896	KBPPvKQN.rtbw
13306719440	KBPPvKQN.rtbz
12139133328	KBPPvKQP.rtbw
4627040912	KBPPvKQP.rtbz
1053302672	KBPPvKQQ.rtbw
1078764624	KBPPvKQQ.rtbz
5944571856	KBPPvKQR.rtbw
3811701456	KBPPvKQR.rtbz
390001104	KBPPvKQ.rtbw
387032592	KBPPvKQ.rtbz
33899701648	KBPPvKRB.rtbw
33469896656	KBPPvKRB.rtbz
41313342608	KBPPvKRN.rtbw
35291408400	KBPPvKRN.rtbz
31606770192	KBPPvKRP.rtbw
12859232976	KBPPvKRP.rtbz
11457070416	KBPPvKRR.rtbw
10421687632	KBPPvKRR.rtbz
552290960	KBPPvKR.rtbw
161020048	KBPPvKR.rtbz
274128	KBPPvK.rtbw
116624	KBPPvK.rtbz
501348304	KBPvKBP.rtbw
176250192	KBPvKBP.rtbz
15290512	KBPvKB.rtbw
3497488	KBPvKB.rtbz
336281680	KBPvKNN.rtbw
43931984	KBPvKNN.rtbz
1282012304	KBPvKNP.rtbw
240034576	KBPvKNP.rtbz
20381328	KBPvKN.rtbw
7242128	KBPvKN.rtbz
535094928	KBPvKPP.rtbw
173704144	KBPvKPP.rtbz
13821584	KBPvKP.rtbw
7172304	KBPvKP.rtbz
7497872	KBPvKQ.rtbw
23906768	KBPvKQ.rtbz
14246864	KBPvKR.rtbw
1573776	KBPvKR.rtbz
81424	KBPvK.rtbw
75792	KBPvK.rtbz
1232	KBvKB.rtbw
80	KBvKB.rtbz
2256	KBvKN.rtbw
80	KBvKN.rtbz
107472	KBvKP.rtbw
5968	KBvKP.rtbz
80	KBvK.rtbw
80	KBvK.rtbz
6957648	KNNNNNvK.rtbw
285581712	KNNNNNvK.rtbz
84903248	KNNNNPvK.rtbw
126255632	KNNNNPvK.rtbz
68799568	KNNNNvKB.rtbw
2119531920	KNNNNvKB.rtbz
20157840	KNNNNvKN.rtbw
1846995792	KNNNNvKN.rtbz
702951760	KNNNNvKP.rtbw
1358913808	KNNNNvKP.rtbz
1515476816	KNNNNvKQ.rtbw
1101740368	KNNNNvKQ.rtbz
921192080	KNNNNvKR.rtbw
2122197520	KNNNNvKR.rtbz
470480	KNNNNvK.rtbw
31877648	KNNNNvK.rtbz
101968592	KNNNPPvK.rtbw
83803408	KNNNPPvK.rtbz
1085570256	KNNNPvKB.rtbw
2888548496	KNNNPvKB.rtbz
562273552	KNNNPvKN.rtbw
2029886480	KNNNPvKN.rtbz
3350519632	KNNNPvKP.rtbw
1085002448	KNNNPvKP.rtbz
22705685712	KNNNPvKQ.rtbw
8270587984	KNNNPvKQ.rtbz
13479205072	KNNNPvKR.rtbw
16677360144	KNNNPvKR.rtbz
4808144	KNNNPvK.rtbw
5843792	KNNNPvK.rtbz
537251920	KNNNvKBB.rtbw
54998800	KNNNvKBB.rtbz
951946128	KNNNvKBN.rtbw
128138704	KNNNvKBN.rtbz
22543378704	KNNNvKBP.rtbw
24291344080	KNNNvKBP.rtbz
80869584	KNNNvKB.rtbw
233095440	KNNNvKB.rtbz
622262992	KNNNvKNN.rtbw
176030032	KNNNvKNN.rtbz
15335534864	KNNNvKNP.rtbw
28936939280	KNNNvKNP.rtbz
28939152	KNNNvKN.rtbw
318866256	KNNNvKN.rtbz
5541308112	KNNNvKPP.rtbw
3902383952	KNNNvKPP.rtbz
114699024	KNNNvKP.rtbw
242174544	KNNNvKP.rtbz
1432707984	KNNNvKQB.rtbw
3508384336	KNNNvKQB.rtbz
1386418448	KNNNvKQN.rtbw
4673440464	KNNNvKQN.rtbz
15513793616	KNNNvKQP.rtbw
5153899600	KNNNvKQP.rtbz
236877904	KNNNvKQQ.rtbw
309234128	KNNNvKQQ.rtbz
943243728	KNNNvKQR.rtbw
1650468048	KNNNvKQR.rtbz
93854608	KNNNvKQ.rtbw
28989264	KNNNvKQ.rtbz
5602058512	KNNNvKRB.rtbw
1533491792	KNNNvKRB.rtbz
1628546704	KNNNvKRN.rtbw
215806864	KNNNvKRN.rtbz
9221890896	KNNNvKRP.rtbw
1354438288	KNNNvKRP.rtbz
2523835792	KNNNvKRR.rtbw
1762009936	KNNNvKRR.rtbz
13676112	KNNNvKR.rtbw
1675664	KNNNvKR.rtbz
85712	KNNNvK.rtbw
3821712	KNNNvK.rtbz
76161552	KNNPPPvK.rtbw
39246608	KNNPPPvK.rtbz
1631629072	KNNPPvKB.rtbw
1515554704	KNNPPvKB.rtbz
1830551504	KNNPPvKN.rtbw
1359524624	KNNPPvKN.rtbz
3623894608	KNNPPvKP.rtbw
573770832	KNNPPvKP.rtbz
26152308944	KNNPPvKQ.rtbw
8455583248	KNNPPvKQ.rtbz
14609178768	KNNPPvKR.rtbw
11766054800	KNNPPvKR.rtbz
4812304	KNNPPvK.rtbw
3279120	KNNPPvK.rtbz
16935981712	KNNPvKBB.rtbw
3373810448	KNNPvKBB.rtbz
19082491024	KNNPvKBN.rtbw
5902193296	KNNPvKBN.rtbz
48566274640	KNNPvKBP.rtbw
28142179984	KNNPvKBP.rtbz
617920016	KNNPvKB.rtbw
960605072	KNNPvKB.rtbz
9223426128	KNNPvKNN.rtbw
2809577424	KNNPvKNN.rtbz
47429430096	KNNPvKNP.rtbw
23357510800	KNNPvKNP.rtbz
616794832	KNNPvKN.rtbw
770992464	KNNPvKN.rtbz
12995705104	KNNPvKPP.rtbw
3870371536	KNNPvKPP.rtbz
353523536	KNNPvKP.rtbw
125913040	KNNPvKP.rtbz
14802257168	KNNPvKQB.rtbw
16794824656	KNNPvKQB.rtbz
16141316176	KNNPvKQN.rtbw
21350295312	KNNPvKQN.rtbz
17252757264	KNNPvKQP.rtbw
8426818128	KNNPvKQP.rtbz
1251670608	KNNPvKQQ.rtbw
1774123728	KNNPvKQQ.rtbz
9013217360	KNNPvKQR.rtbw
7560816656	KNNPvKQR.rtbz
1024893520	KNNPvKQ.rtbw
489355664	KNNPvKQ.rtbz
82063176336	KNNPvKRB.rtbw
43025240336	KNNPvKRB.rtbz
49484291920	KNNPvKRN.rtbw
15985967248	KNNPvKRN.rtbz
39475867088	KNNPvKRP.rtbw
8491432080	KNNPvKRP.rtbz
16765651536	KNNPvKRR.rtbw
21433641040	KNNPvKRR.rtbz
348697488	KNNPvKR.rtbw
96331664	KNNPvKR.rtbz
882576	KNNPvK.rtbw
1262288	KNNPvK.rtbz
67024	KNNvKB.rtbw
30544	KNNvKB.rtbz
1013968	KNNvKNN.rtbw
961936	KNNvKNN.rtbz
257256080	KNNvKNP.rtbw
28426704	KNNvKNP.rtbz
81360	KNNvKN.rtbw
32912	KNNvKN.rtbz
435843088	KNNvKPP.rtbw
171159632	KNNvKPP.rtbz
13729360	KNNvKP.rtbw
10331216	KNNvKP.rtbz
3241744	KNNvKQ.rtbw
4940624	KNNvKQ.rtbz
313680	KNNvKR.rtbw
62928	KNNvKR.rtbz
1360	KNNvK.rtbw
80	KNNvK.rtbz
25744848	KNPPPPvK.rtbw
11418832	KNPPPPvK.rtbz
1447309968	KNPPPvKB.rtbw
665236880	KNPPPvKB.rtbz
959916944	KNPPPvKN.rtbw
408581584	KNPPPvKN.rtbz
1731776336	KNPPPvKP.rtbw
189133392	KNPPPvKP.rtbz
8505654608	KNPPPvKQ.rtbw
4018686608	KNPPPvKQ.rtbz
7312293712	KNPPPvKR.rtbw
2733418128	KNPPPvKR.rtbz
2316304	KNPPPvK.rtbw
1435856	KNPPPvK.rtbz
25142145936	KNPPvKBB.rtbw
11666923856	KNPPvKBB.rtbz
26523708112	KNPPvKBN.rtbw
3145423504	KNPPvKBN.rtbz
30955844688	KNPPvKBP.rtbw
7104144272	KNPPvKBP.rtbz
441594256	KNPPvKB.rtbw
225934736	KNPPvKB.rtbz
9668395472	KNPPvKNN.rtbw
1397370192	KNPPvKNN.rtbz
29087503696	KNPPvKNP.rtbw
6536127184	KNPPvKNP.rtbz
353494800	KNPPvKN.rtbw
183962320	KNPPvKN.rtbz
9689699280	KNPPvKPP.rtbw
1550631440	KNPPvKPP.rtbz
199769872	KNPPvKP.rtbw
36895760	KNPPvKP.rtbz
11919151056	KNPPvKQB.rtbw
8331290320	KNPPvKQB.rtbz
13785352144	KNPPvKQN.rtbw
11060949648	KNPPvKQN.rtbz
11438150096	KNPPvKQP.rtbw
4024094544	KNPPvKQP.rtbz
900194192	KNPPvKQQ.rtbw
940345936	KNPPvKQQ.rtbz
6111950608	KNPPvKQR.rtbw
3199709968	KNPPvKQR.rtbz
443491216	KNPPvKQ.rtbw
281482128	KNPPvKQ.rtbz
33529964688	KNPPvKRB.rtbw
26661511184	KNPPvKRB.rtbz
36147317648	KNPPvKRN.rtbw
31191806416	KNPPvKRN.rtbz
29911219856	KNPPvKRP.rtbw
12131137360	KNPPvKRP.rtbz
10715076816	KNPPvKRR.rtbw
8515956176	KNPPvKRR.rtbz
556467984	KNPPvKR.rtbw
149188112	KNPPvKR.rtbz
186512	KNPPvK.rtbw
111312	KNPPvK.rtbz
13148688	KNPvKB.rtbw
4021776	KNPvKB.rtbz
614187856	KNPvKNP.rtbw
273085264	KNPvKNP.rtbz
14200272	KNPvKN.rtbw
4930192	KNPvKN.rtbz
593794384	KNPvKPP.rtbw
158781008	KNPvKPP.rtbz
18616208	KNPvKP.rtbw
8974160	KNPvKP.rtbz
10056720	KNPvKQ.rtbw
15554128	KNPvKQ.rtbz
19810256	KNPvKR.rtbw
4874960	KNPvKR.rtbz
93200	KNPvK.rtbw
111056	KNPvK.rtbz
1168	KNvKN.rtbw
80	KNvKN.rtbz
148048	KNvKP.rtbw
10640	KNvKP.rtbz
80	KNvK.rtbw
80	KNvK.rtbz
3721360	KPPPPPvK.rtbw
1652304	KPPPPPvK.rtbz
632390160	KPPPPvKB.rtbw
75195600	KPPPPvKB.rtbz
439768208	KPPPPvKN.rtbw
65003088	KPPPPvKN.rtbz
336964944	KPPPPvKP.rtbw
9884688	KPPPPvKP.rtbz
1199301520	KPPPPvKQ.rtbw
598771280	KPPPPvKQ.rtbz
1762525008	KPPPPvKR.rtbw
648855760	KPPPPvKR.rtbz
440144	KPPPPvK.rtbw
197712	KPPPPvK.rtbz
4283014416	KPPPvKBB.rtbw
1639231696	KPPPvKBB.rtbz
10308985296	KPPPvKBN.rtbw
5700349328	KPPPvKBN.rtbz
7584064976	KPPPvKBP.rtbw
1438176656	KPPPvKBP.rtbz
113766288	KPPPvKB.rtbw
13104208	KPPPvKB.rtbz
6035308496	KPPPvKNN.rtbw
1319290064	KPPPvKNN.rtbz
6680648720	KPPPvKNP.rtbw
900566160	KPPPvKNP.rtbz
97804368	KPPPvKN.rtbw
13240208	KPPPvKN.rtbz
2107379792	KPPPvKPP.rtbw
89290832	KPPPvKPP.rtbz
53683536	KPPPvKP.rtbw
1883408	KPPPvKP.rtbz
3032526288	KPPPvKQB.rtbw
1517663120	KPPPvKQB.rtbz
3205021328	KPPPvKQN.rtbw
1962307024	KPPPvKQN.rtbz
2269738128	KPPPvKQP.rtbw
749323664	KPPPvKQP.rtbz
237026320	KPPPvKQQ.rtbw
244347216	KPPPvKQQ.rtbz
1070763280	KPPPvKQR.rtbw
697904848	KPPPvKQR.rtbz
84964944	KPPPvKQ.rtbw
51067472	KPPPvKQ.rtbz
6159740176	KPPPvKRB.rtbw
3198493456	KPPPvKRB.rtbz
7288298768	KPPPvKRN.rtbw
4165308368	KPPPvKRN.rtbz
4645229072	KPPPvKRP.rtbw
1834192656	KPPPvKRP.rtbz
2145076368	KPPPvKRR.rtbw
929417040	KPPPvKRR.rtbz
170310736	KPPPvKR.rtbw
89196112	KPPPvKR.rtbz
56080	KPPPvK.rtbw
22672	KPPPvK.rtbz
7269520	KPPvKB.rtbw
517520	KPPvKB.rtbz
7707472	KPPvKN.rtbw
699472	KPPvKN.rtbz
114901200	KPPvKPP.rtbw
17180624	KPPvKPP.rtbz
7499088	KPPvKP.rtbw
669776	KPPvKP.rtbz
3090576	KPPvKQ.rtbw
3358672	KPPvKQ.rtbz
9068688	KPPvKR.rtbw
5114512	KPPvKR.rtbz
25104	KPPvK.rtbw
8656	KPPvK.rtbz
245328	KPvKP.rtbw
54480	KPvKP.rtbz
7824	KPvK.rtbw
4176	KPvK.rtbz
82269520	KQBBBBvK.rtbw
442639888	KQBBBBvK.rtbz
254838992	KQBBBNvK.rtbw
1269738000	KQBBBNvK.rtbz
932123536	KQBBBPvK.rtbw
757070608	KQBBBPvK.rtbz
102753360	KQBBBvKB.rtbw
1944931472	KQBBBvKB.rtbz
131033872	KQBBBvKN.rtbw
1312682640	KQBBBvKN.rtbz
436045328	KQBBBvKP.rtbw
2850800528	KQBBBvKP.rtbz
902512080	KQBBBvKQ.rtbw
4763815824	KQBBBvKQ.rtbz
149072912	KQBBBvKR.rtbw
1996923472	KQBBBvKR.rtbz
3983312	KQBBBvK.rtbw
42533520	KQBBBvK.rtbz
429933328	KQBBNNvK.rtbw
2467698512	KQBBNNvK.rtbz
2228670800	KQBBNPvK.rtbw
2311477712	KQBBNPvK.rtbz
233680912	KQBBNvKB.rtbw
4269589456	KQBBNvKB.rtbz
221792848	KQBBNvKN.rtbw
2645881936	KQBBNvKN.rtbz
1042704528	KQBBNvKP.rtbw
7664378832	KQBBNvKP.rtbz
1645111888	KQBBNvKQ.rtbw
12000894672	KQBBNvKQ.rtbz
348570768	KQBBNvKR.rtbw
5037228944	KQBBNvKR.rtbz
10269712	KQBBNvK.rtbw
75704208	KQBBNvK.rtbz
847905040	KQBBPPvK.rtbw
254611152	KQBBPPvK.rtbz
751473680	KQBBPvKB.rtbw
5381837264	KQBBPvKB.rtbz
813106704	KQBBPvKN.rtbw
4501896272	KQBBPvKN.rtbz
919315792	KQBBPvKP.rtbw
1463137040	KQBBPvKP.rtbz
7603571984	KQBBPvKQ.rtbw
20454295504	KQBBPvKQ.rtbz
1189651536	KQBBPvKR.rtbw
6253923856	KQBBPvKR.rtbz
37927120	KQBBPvK.rtbw
40279696	KQBBPvK.rtbz
423393616	KQBBvKBB.rtbw
3792792464	KQBBvKBB.rtbz
1174976592	KQBBvKBN.rtbw
5444535248	KQBBvKBN.rtbz
4884481232	KQBBvKBP.rtbw
12072991952	KQBBvKBP.rtbz
6310416	KQBBvKB.rtbw
137827920	KQBBvKB.rtbz
861126352	KQBBvKNN.rtbw
2132705488	KQBBvKNN.rtbz
5616093968	KQBBvKNP.rtbw
7988875472	KQBBvKNP.rtbz
12421136	KQBBvKN.rtbw
96885136	KQBBvKN.rtbz
1467880272	KQBBvKPP.rtbw
2083328464	KQBBvKPP.rtbz
37499088	KQBBvKP.rtbw
181514256	KQBBvKP.rtbz
13601346000	KQBBvKQB.rtbw
10557862800	KQBBvKQB.rtbz
14581106192	KQBBvKQN.rtbw
12068613520	KQBBvKQN.rtbz
32552257424	KQBBvKQP.rtbw
49615159056	KQBBvKQP.rtbz
5756465232	KQBBvKQQ.rtbw
4657473360	KQBBvKQQ.rtbz
15207115920	KQBBvKQR.rtbw
10014616272	KQBBvKQR.rtbz
133300176	KQBBvKQ.rtbw
369956816	KQBBvKQ.rtbz
1946432592	KQBBvKRB.rtbw
8797303888	KQBBvKRB.rtbz
2572395664	KQBBvKRN.rtbw
7096396624	KQBBvKRN.rtbz
6660920848	KQBBvKRP.rtbw
15225189648	KQBBvKRP.rtbz
2338222480	KQBBvKRR.rtbw
5793721232	KQBBvKRR.rtbz
13323792	KQBBvKR.rtbw
161869840	KQBBvKR.rtbz
160464	KQBBvK.rtbw
3094096	KQBBvK.rtbz
210037136	KQBNNNvK.rtbw
1668670288	KQBNNNvK.rtbz
2030560400	KQBNNPvK.rtbw
2368435792	KQBNNPvK.rtbz
210062672	KQBNNvKB.rtbw
3631088976	KQBNNvKB.rtbz
221764304	KQBNNvKN.rtbw
3316028240	KQBNNvKN.rtbz
1051610640	KQBNNvKP.rtbw
8200789520	KQBNNvKP.rtbz
1908183120	KQBNNvKQ.rtbw
14141400400	KQBNNvKQ.rtbz
421648784	KQBNNvKR.rtbw
6549407440	KQBNNvKR.rtbz
9257680	KQBNNvK.rtbw
89941456	KQBNNvK.rtbz
1396850768	KQBNPPvK.rtbw
503942608	KQBNPPvK.rtbz
1259651536	KQBNPvKB.rtbw
7730150928	KQBNPvKB.rtbz
1339539088	KQBNPvKN.rtbw
6949504784	KQBNPvKN.rtbz
1573371536	KQBNPvKP.rtbw
2994883984	KQBNPvKP.rtbz
14726478160	KQBNPvKQ.rtbw
40931083344	KQBNPvKQ.rtbz
1940040016	KQBNPvKR.rtbw
9902190672	KQBNPvKR.rtbz
60937552	KQBNPvK.rtbw
77681744	KQBNPvK.rtbz
702398928	KQBNvKBB.rtbw
6992791504	KQBNvKBB.rtbz
1869556240	KQBNvKBN.rtbw
9986574672	KQBNvKBN.rtbz
9271372240	KQBNvKBP.rtbw
17965541072	KQBNvKBP.rtbz
9246352	KQBNvKB.rtbw
221660560	KQBNvKB.rtbz
1096454608	KQBNvKNN.rtbw
4084732368	KQBNvKNN.rtbz
10648339280	KQBNvKNP.rtbw
12618469648	KQBNvKNP.rtbz
18784336	KQBNvKN.rtbw
145652112	KQBNvKN.rtbz
2769149904	KQBNvKPP.rtbw
4038877776	KQBNvKPP.rtbz
66343696	KQBNvKP.rtbw
290726928	KQBNvKP.rtbz
29646991760	KQBNvKQB.rtbw
24987768080	KQBNvKQB.rtbz
28587231440	KQBNvKQN.rtbw
30279018832	KQBNvKQN.rtbz
61786091856	KQBNvKQP.rtbw
90545192912	KQBNvKQP.rtbz
9140738192	KQBNvKQQ.rtbw
7929146768	KQBNvKQQ.rtbz
28533253712	KQBNvKQR.rtbw
18499550416	KQBNvKQR.rtbz
237040144	KQBNvKQ.rtbw
650520976	KQBNvKQ.rtbz
4814103312	KQBNvKRB.rtbw
16712823376	KQBNvKRB.rtbz
3421504144	KQBNvKRN.rtbw
14246320656	KQBNvKRN.rtbz
13097583888	KQBNvKRP.rtbw
26571438480	KQBNvKRP.rtbz
4792634384	KQBNvKRR.rtbw
12483819216	KQBNvKRR.rtbz
18577168	KQBNvKR.rtbw
276153296	KQBNvKR.rtbz
255888	KQBNvK.rtbw
2967312	KQBNvK.rtbz
331712848	KQBPPPvK.rtbw
68465296	KQBPPPvK.rtbz
512843408	KQBPPvKB.rtbw
1882582800	KQBPPvKB.rtbz
564664144	KQBPPvKN.rtbw
1918769680	KQBPPvKN.rtbz
605958736	KQBPPvKP.rtbw
393995216	KQBPPvKP.rtbz
8603701584	KQBPPvKQ.rtbw
15554148368	KQBPPvKQ.rtbz
954166992	KQBPPvKR.rtbw
2858656528	KQBPPvKR.rtbz
21417552	KQBPPvK.rtbw
8144464	KQBPPvK.rtbz
3066922704	KQBPvKBB.rtbw
7368302096	KQBPvKBB.rtbz
7168869904	KQBPvKBN.rtbw
10870804048	KQBPvKBN.rtbz
9148609360	KQBPvKBP.rtbw
5327114768	KQBPvKBP.rtbz
30712336	KQBPvKB.rtbw
152275920	KQBPvKB.rtbz
4028284624	KQBPvKNN.rtbw
4888184272	KQBPvKNN.rtbz
9010084944	KQBPvKNP.rtbw
4017185488	KQBPvKNP.rtbz
56122512	KQBPvKN.rtbw
146700240	KQBPvKN.rtbz
2789903504	KQBPvKPP.rtbw
1539465616	KQBPvKPP.rtbz
57920464	KQBPvKP.rtbw
67597840	KQBPvKP.rtbz
87324423504	KQBPvKQB.rtbw
38052307472	KQBPvKQB.rtbz
86600714704	KQBPvKQN.rtbw
46739075728	KQBPvKQN.rtbz
54899011920	KQBPvKQP.rtbw
48205538000	KQBPvKQP.rtbz
24705033360	KQBPvKQQ.rtbw
24758513808	KQBPvKQQ.rtbz
98738160080	KQBPvKQR.rtbw
65824714704	KQBPvKQR.rtbz
879297744	KQBPvKQ.rtbw
1355934736	KQBPvKQ.rtbz
20500960784	KQBPvKRB.rtbw
24828636560	KQBPvKRB.rtbz
17549863760	KQBPvKRN.rtbw
19265156112	KQBPvKRN.rtbz
12271259408	KQBPvKRP.rtbw
9387190224	KQBPvKRP.rtbz
23916079888	KQBPvKRR.rtbw
26530881808	KQBPvKRR.rtbz
60850512	KQBPvKR.rtbw
230853456	KQBPvKR.rtbz
824272	KQBPvK.rtbw
1347600	KQBPvK.rtbz
18445264	KQBvKBB.rtbw
222826256	KQBvKBB.rtbz
34766672	KQBvKBN.rtbw
301845712	KQBvKBN.rtbz
233370448	KQBvKBP.rtbw
724328912	KQBvKBP.rtbz
232656	KQBvKB.rtbw
6845584	KQBvKB.rtbz
24846928	KQBvKNN.rtbw
123061456	KQBvKNN.rtbz
304391184	KQBvKNP.rtbw
437289360	KQBvKNP.rtbz
387664	KQBvKN.rtbw
4369104	KQBvKN.rtbz
129057360	KQBvKPP.rtbw
111550416	KQBvKPP.rtbz
2925136	KQBvKP.rtbw
7444880	KQBvKP.rtbz
158431504	KQBvKQB.rtbw
92682640	KQBvKQB.rtbz
290797328	KQBvKQN.rtbw
71495888	KQBvKQN.rtbz
1140377104	KQBvKQP.rtbw
301290832	KQBvKQP.rtbz
4092496	KQBvKQ.rtbw
1260112	KQBvKQ.rtbz
162070288	KQBvKRB.rtbw
548355152	KQBvKRB.rtbz
134754128	KQBvKRN.rtbw
459051408	KQBvKRN.rtbz
368929424	KQBvKRP.rtbw
982449296	KQBvKRP.rtbz
188763536	KQBvKRR.rtbw
405199888	KQBvKRR.rtbz
684048	KQBvKR.rtbw
8740752	KQBvKR.rtbz
4944	KQBvK.rtbw
139088	KQBvK.rtbz
56477904	KQNNNNvK.rtbw
492676240	KQNNNNvK.rtbz
582057424	KQNNNPvK.rtbw
782991312	KQNNNPvK.rtbz
73426576	KQNNNvKB.rtbw
1440675920	KQNNNvKB.rtbz
94074896	KQNNNvKN.rtbw
1177399568	KQNNNvKN.rtbz
407206800	KQNNNvKP.rtbw
2730374416	KQNNNvKP.rtbz
1025593232	KQNNNvKQ.rtbw
6110111888	KQNNNvKQ.rtbz
196435472	KQNNNvKR.rtbw
2869227664	KQNNNvKR.rtbz
3243984	KQNNNvK.rtbw
35982480	KQNNNvK.rtbz
614703056	KQNNPPvK.rtbw
258684816	KQNNPPvK.rtbz
648870224	KQNNPvKB.rtbw
4286155152	KQNNPvKB.rtbz
919133008	KQNNPvKN.rtbw
4153577296	KQNNPvKN.rtbz
914128720	KQNNPvKP.rtbw
1753771152	KQNNPvKP.rtbz
10314063056	KQNNPvKQ.rtbw
22655290320	KQNNPvKQ.rtbz
1474063376	KQNNPvKR.rtbw
6108658192	KQNNPvKR.rtbz
26070992	KQNNPvK.rtbw
39647952	KQNNPvK.rtbz
431845968	KQNNvKBB.rtbw
4434363024	KQNNvKBB.rtbz
862223760	KQNNvKBN.rtbw
6595477712	KQNNvKBN.rtbz
6680559696	KQNNvKBP.rtbw
13571482704	KQNNvKBP.rtbz
5878800	KQNNvKB.rtbw
182603536	KQNNvKB.rtbz
556042960	KQNNvKNN.rtbw
3137982736	KQNNvKNN.rtbz
7666530576	KQNNvKNP.rtbw
10310691088	KQNNvKNP.rtbz
9820240	KQNNvKN.rtbw
129782800	KQNNvKN.rtbz
2392751952	KQNNvKPP.rtbw
2513547280	KQNNvKPP.rtbz
51658192	KQNNvKP.rtbw
192376272	KQNNvKP.rtbz
13850784976	KQNNvKQB.rtbw
8844198864	KQNNvKQB.rtbz
13797156816	KQNNvKQN.rtbw
9705025168	KQNNvKQN.rtbz
44414886160	KQNNvKQP.rtbw
59661410896	KQNNvKQP.rtbz
4762467216	KQNNvKQQ.rtbw
3442590160	KQNNvKQQ.rtbz
13317573776	KQNNvKQR.rtbw
9233573328	KQNNvKQR.rtbz
169917264	KQNNvKQ.rtbw
445148688	KQNNvKQ.rtbz
3063994960	KQNNvKRB.rtbw
11074367824	KQNNvKRB.rtbz
2146912720	KQNNvKRN.rtbw
9932133968	KQNNvKRN.rtbz
9341484624	KQNNvKRP.rtbw
21394825872	KQNNvKRP.rtbz
3832444368	KQNNvKRR.rtbw
9648139536	KQNNvKRR.rtbz
19588112	KQNNvKR.rtbw
239440272	KQNNvKR.rtbz
113680	KQNNvK.rtbw
3680656	KQNNvK.rtbz
273071952	KQNPPPvK.rtbw
67378320	KQNPPPvK.rtbz
488037840	KQNPPvKB.rtbw
1710351312	KQNPPvKB.rtbz
595621776	KQNPPvKN.rtbw
1609802960	KQNPPvKN.rtbz
634110736	KQNPPvKP.rtbw
417471952	KQNPPvKP.rtbz
9754416016	KQNPPvKQ.rtbw
15660790288	KQNPPvKQ.rtbz
1008543760	KQNPPvKR.rtbw
2986972496	KQNPPvKR.rtbz
17307984	KQNPPvK.rtbw
7980240	KQNPPvK.rtbz
3791256528	KQNPvKBB.rtbw
6639483728	KQNPvKBB.rtbz
6944326800	KQNPvKBN.rtbw
10428907152	KQNPvKBN.rtbz
9551196240	KQNPvKBP.rtbw
5880905936	KQNPvKBP.rtbz
29076112	KQNPvKB.rtbw
133713936	KQNPvKB.rtbz
3826273616	KQNPvKNN.rtbw
5001696208	KQNPvKNN.rtbz
10209724752	KQNPvKNP.rtbw
4755428240	KQNPvKNP.rtbz
60840656	KQNPvKN.rtbw
122881168	KQNPvKN.rtbz
3344219216	KQNPvKPP.rtbw
1627450128	KQNPvKPP.rtbz
62303952	KQNPvKP.rtbw
72047760	KQNPvKP.rtbz
79435511248	KQNPvKQB.rtbw
32212580368	KQNPvKQB.rtbz
80909768976	KQNPvKQN.rtbw
41410103312	KQNPvKQN.rtbz
61244770128	KQNPvKQP.rtbw
51980566288	KQNPvKQP.rtbz
20832824656	KQNPvKQQ.rtbw
20462643408	KQNPvKQQ.rtbz
92257139024	KQNPvKQR.rtbw
61949500048	KQNPvKQR.rtbz
991683344	KQNPvKQ.rtbw
1431612368	KQNPvKQ.rtbz
19482747600	KQNPvKRB.rtbw
25135231888	KQNPvKRB.rtbz
18195810128	KQNPvKRN.rtbw
20682521680	KQNPvKRN.rtbz
14196997776	KQNPvKRP.rtbw
11249933904	KQNPvKRP.rtbz
33261859280	KQNPvKRR.rtbw
34813762128	KQNPvKRR.rtbz
63734608	KQNPvKR.rtbw
228711696	KQNPvKR.rtbz
648784	KQNPvK.rtbw
1295184	KQNPvK.rtbz
25338128	KQNvKBB.rtbw
233101264	KQNvKBB.rtbz
33784464	KQNvKBN.rtbw
321162320	KQNvKBN.rtbz
246884752	KQNvKBP.rtbw
777944592	KQNvKBP.rtbz
218320	KQNvKB.rtbw
8035600	KQNvKB.rtbz
19085776	KQNvKNN.rtbw
160331408	KQNvKNN.rtbz
304943568	KQNvKNP.rtbw
536914256	KQNvKNP.rtbz
333456	KQNvKN.rtbw
5411152	KQNvKN.rtbz
128240080	KQNvKPP.rtbw
133295248	KQNvKPP.rtbz
2662096	KQNvKP.rtbw
7902992	KQNvKP.rtbz
133394256	KQNvKQN.rtbw
60699984	KQNvKQN.rtbz
1070174352	KQNvKQP.rtbw
264552976	KQNvKQP.rtbz
3139152	KQNvKQ.rtbw
785296	KQNvKQ.rtbz
169319120	KQNvKRB.rtbw
594827920	KQNvKRB.rtbz
143783504	KQNvKRN.rtbw
552347408	KQNvKRN.rtbz
418354832	KQNvKRP.rtbw
1227921360	KQNvKRP.rtbz
333790736	KQNvKRR.rtbw
394814800	KQNvKRR.rtbz
759824	KQNvKR.rtbw
10843024	KQNvKR.rtbz
3600	KQNvK.rtbw
156432	KQNvK.rtbz
43534416	KQPPPPvK.rtbw
11216144	KQPPPPvK.rtbz
129458768	KQPPPvKB.rtbw
261650448	KQPPPvKB.rtbz
185032528	KQPPPvKN.rtbw
265655888	KQPPPvKN.rtbz
189038864	KQPPPvKP.rtbw
66055056	KQPPPvKP.rtbz
3745607056	KQPPPvKQ.rtbw
4634537424	KQPPPvKQ.rtbz
275650192	KQPPPvKR.rtbw
733332816	KQPPPvKR.rtbz
3804560	KQPPPvK.rtbw
1123088	KQPPPvK.rtbz
1474442896	KQPPvKBB.rtbw
1539347152	KQPPvKBB.rtbz
3599405008	KQPPvKBN.rtbw
2662929872	KQPPvKBN.rtbz
3066405264	KQPPvKBP.rtbw
1114808272	KQPPvKBP.rtbz
10797392	KQPPvKB.rtbw
19417232	KQPPvKB.rtbz
1931784720	KQPPvKNN.rtbw
1343332176	KQPPvKNN.rtbz
3315745104	KQPPvKNP.rtbw
993032272	KQPPvKNP.rtbz
21925648	KQPPvKN.rtbw
22219536	KQPPvKN.rtbz
2109622288	KQPPvKPP.rtbw
433126416	KQPPvKPP.rtbz
25058384	KQPPvKP.rtbw
11365328	KQPPvKP.rtbz
32583941712	KQPPvKQB.rtbw
9454876752	KQPPvKQB.rtbz
33122618192	KQPPvKQN.rtbw
9880813840	KQPPvKQN.rtbz
22632171664	KQPPvKQP.rtbw
12926209872	KQPPvKQP.rtbz
5493222864	KQPPvKQQ.rtbw
6855326096	KQPPvKQQ.rtbz
26648104144	KQPPvKQR.rtbw
26318049936	KQPPvKQR.rtbz
444370000	KQPPvKQ.rtbw
487983504	KQPPvKQ.rtbz
9620589008	KQPPvKRB.rtbw
9691574416	KQPPvKRB.rtbz
8566127632	KQPPvKRN.rtbw
8026532752	KQPPvKRN.rtbz
5506660816	KQPPvKRP.rtbw
3009336272	KQPPvKRP.rtbz
17493517328	KQPPvKRR.rtbw
8713086800	KQPPvKRR.rtbz
25167504	KQPPvKR.rtbw
63281744	KQPPvKR.rtbz
255568	KQPPvK.rtbw
132240	KQPPvK.rtbz
97095632	KQPvKBB.rtbw
186922192	KQPvKBB.rtbz
210767376	KQPvKBN.rtbw
262188624	KQPvKBN.rtbz
251777168	KQPvKBP.rtbw
158215440	KQPvKBP.rtbz
785744	KQPvKB.rtbw
2151824	KQPvKB.rtbz
129637904	KQPvKNN.rtbw
145341072	KQPvKNN.rtbz
306794896	KQPvKNP.rtbw
131902224	KQPvKNP.rtbz
1694352	KQPvKN.rtbw
2055632	KQPvKN.rtbz
120272016	KQPvKPP.rtbw
37737296	KQPvKPP.rtbz
2464016	KQPvKP.rtbw
997904	KQPvKP.rtbz
517138768	KQPvKQP.rtbw
583671888	KQPvKQP.rtbz
20403600	KQPvKQ.rtbw
16695824	KQPvKQ.rtbz
1072476880	KQPvKRB.rtbw
1086065552	KQPvKRB.rtbz
968260240	KQPvKRN.rtbw
808688848	KQPvKRN.rtbz
460368272	KQPvKRP.rtbw
375871440	KQPvKRP.rtbz
819463760	KQPvKRR.rtbw
269330576	KQPvKRR.rtbz
2030736	KQPvKR.rtbw
6202512	KQPvKR.rtbz
12496	KQPvK.rtbw
32208	KQPvK.rtbz
290712656	KQQBBBvK.rtbw
474029904	KQQBBBvK.rtbz
541480848	KQQBBNvK.rtbw
1163744272	KQQBBNvK.rtbz
1904183440	KQQBBPvK.rtbw
789179152	KQQBBPvK.rtbz
111256720	KQQBBvKB.rtbw
989292432	KQQBBvKB.rtbz
122135888	KQQBBvKN.rtbw
965904144	KQQBBvKN.rtbz
615330768	KQQBBvKP.rtbw
1630380944	KQQBBvKP.rtbz
615523280	KQQBBvKQ.rtbw
1670756176	KQQBBvKQ.rtbz
142389904	KQQBBvKR.rtbw
1165462480	KQQBBvKR.rtbz
12966288	KQQBBvK.rtbw
27776080	KQQBBvK.rtbz
514275088	KQQBNNvK.rtbw
1344257744	KQQBNNvK.rtbz
3120149584	KQQBNPvK.rtbw
1611839376	KQQBNPvK.rtbz
214428432	KQQBNvKB.rtbw
1982310544	KQQBNvKB.rtbz
218306832	KQQBNvKN.rtbw
1918347024	KQQBNvKN.rtbz
1113780432	KQQBNvKP.rtbw
3584747280	KQQBNvKP.rtbz
1054320016	KQQBNvKQ.rtbw
3329804624	KQQBNvKQ.rtbz
254818576	KQQBNvKR.rtbw
2309146768	KQQBNvKR.rtbz
15510480	KQQBNvK.rtbw
44478608	KQQBNvK.rtbz
1232036560	KQQBPPvK.rtbw
197818256	KQQBPPvK.rtbz
648727184	KQQBPvKB.rtbw
2707457296	KQQBPvKB.rtbz
668933520	KQQBPvKN.rtbw
2412559504	KQQBPvKN.rtbz
871724688	KQQBPvKP.rtbw
807098384	KQQBPvKP.rtbz
3972151184	KQQBPvKQ.rtbw
8811182160	KQQBPvKQ.rtbz
858065424	KQQBPvKR.rtbw
3851165520	KQQBPvKR.rtbz
54013456	KQQBPvK.rtbw
28451152	KQQBPvK.rtbz
113930256	KQQBvKBB.rtbw
714254352	KQQBvKBB.rtbz
210988880	KQQBvKBN.rtbw
1334640720	KQQBvKBN.rtbz
954499024	KQQBvKBP.rtbw
3511986000	KQQBvKBP.rtbz
3696720	KQQBvKB.rtbw
41059856	KQQBvKB.rtbz
104653968	KQQBvKNN.rtbw
642358096	KQQBvKNN.rtbz
837590416	KQQBvKNP.rtbw
3347760976	KQQBvKNP.rtbz
3842064	KQQBvKN.rtbw
39995408	KQQBvKN.rtbz
369323728	KQQBvKPP.rtbw
842005072	KQQBvKPP.rtbz
19635920	KQQBvKP.rtbw
75192848	KQQBvKP.rtbz
3619512720	KQQBvKQB.rtbw
5867648912	KQQBvKQB.rtbz
2758537360	KQQBvKQN.rtbw
5223564304	KQQBvKQN.rtbz
5974144912	KQQBvKQP.rtbw
12842514384	KQQBvKQP.rtbz
4312939856	KQQBvKQQ.rtbw
3520216400	KQQBvKQQ.rtbz
7221041936	KQQBvKQR.rtbw
5724611664	KQQBvKQR.rtbz
27381712	KQQBvKQ.rtbw
96823632	KQQBvKQ.rtbz
296779728	KQQBvKRB.rtbw
1858362448	KQQBvKRB.rtbz
269165840	KQQBvKRN.rtbw
1594068816	KQQBvKRN.rtbz
1505518672	KQQBvKRP.rtbw
3970632016	KQQBvKRP.rtbz
389066064	KQQBvKRR.rtbw
1235081680	KQQBvKRR.rtbz
4633680	KQQBvKR.rtbw
47924752	KQQBvKR.rtbz
227600	KQQBvK.rtbw
806160	KQQBvK.rtbz
241922256	KQQNNNvK.rtbw
645574608	KQQNNNvK.rtbz
1419646352	KQQNNPvK.rtbw
874382480	KQQNNPvK.rtbz
107188624	KQQNNvKB.rtbw
1172461520	KQQNNvKB.rtbz
108781136	KQQNNvKN.rtbw
1125456144	KQQNNvKN.rtbz
534551760	KQQNNvKP.rtbw
2116406480	KQQNNvKP.rtbz
556406352	KQQNNvKQ.rtbw
2074264080	KQQNNvKQ.rtbz
132656080	KQQNNvKR.rtbw
1410010192	KQQNNvKR.rtbz
9964560	KQQNNvK.rtbw
35234576	KQQNNvK.rtbz
1003974672	KQQNPPvK.rtbw
200293456	KQQNPPvK.rtbz
637120016	KQQNPvKB.rtbw
2796356816	KQQNPvKB.rtbz
643340944	KQQNPvKN.rtbw
2423128656	KQQNPvKN.rtbz
801121168	KQQNPvKP.rtbw
836056976	KQQNPvKP.rtbz
3601862736	KQQNPvKQ.rtbw
9098819216	KQQNPvKQ.rtbz
813672528	KQQNPvKR.rtbw
3820624144	KQQNPvKR.rtbz
41297424	KQQNPvK.rtbw
28779792	KQQNPvK.rtbz
109441168	KQQNvKBB.rtbw
737393552	KQQNvKBB.rtbz
209998160	KQQNvKBN.rtbw
1398115408	KQQNvKBN.rtbz
946153360	KQQNvKBP.rtbw
3581488912	KQQNvKBP.rtbz
3681680	KQQNvKB.rtbw
39980816	KQQNvKB.rtbz
104858256	KQQNvKNN.rtbw
667664400	KQQNvKNN.rtbz
841102736	KQQNvKNP.rtbw
3393428112	KQQNvKNP.rtbz
3663632	KQQNvKN.rtbw
37874832	KQQNvKN.rtbz
374233680	KQQNvKPP.rtbw
979907856	KQQNvKPP.rtbz
17729616	KQQNvKP.rtbw
82573456	KQQNvKP.rtbz
3365906320	KQQNvKQB.rtbw
6152506448	KQQNvKQB.rtbz
2685437392	KQQNvKQN.rtbw
5538732176	KQQNvKQN.rtbz
5980483408	KQQNvKQP.rtbw
12990326928	KQQNvKQP.rtbz
4513848080	KQQNvKQQ.rtbw
3746765008	KQQNvKQQ.rtbz
7433750416	KQQNvKQR.rtbw
5821207632	KQQNvKQR.rtbz
26125776	KQQNvKQ.rtbw
102080080	KQQNvKQ.rtbz
284909904	KQQNvKRB.rtbw
1940053264	KQQNvKRB.rtbz
263216912	KQQNvKRN.rtbw
1647843600	KQQNvKRN.rtbz
1590834768	KQQNvKRP.rtbw
4101895120	KQQNvKRP.rtbz
597782480	KQQNvKRR.rtbw
1479867600	KQQNvKRR.rtbz
4431312	KQQNvKR.rtbw
45255376	KQQNvKR.rtbz
186064	KQQNvK.rtbw
920848	KQQNvK.rtbz
254096080	KQQPPPvK.rtbw
32095440	KQQPPPvK.rtbz
241685456	KQQPPvKB.rtbw
860451600	KQQPPvKB.rtbz
243113296	KQQPPvKN.rtbw
702425232	KQQPPvKN.rtbz
269606480	KQQPPvKP.rtbw
160689424	KQQPPvKP.rtbz
1635701968	KQQPPvKQ.rtbw
4398123216	KQQPPvKQ.rtbz
321585232	KQQPPvKR.rtbw
1309879312	KQQPPvKR.rtbz
15839504	KQQPPvK.rtbw
3410320	KQQPPvK.rtbz
347899152	KQQPvKBB.rtbw
1956129808	KQQPvKBB.rtbz
634199120	KQQPvKBN.rtbw
3095909392	KQQPvKBN.rtbz
948042896	KQQPvKBP.rtbw
1675517584	KQQPvKBP.rtbz
11027728	KQQPvKB.rtbw
72137808	KQQPvKB.rtbz
314428176	KQQPvKNN.rtbw
1593515536	KQQPvKNN.rtbz
787646736	KQQPvKNP.rtbw
1641227280	KQQPvKNP.rtbz
11126992	KQQPvKN.rtbw
61847312	KQQPvKN.rtbz
346294864	KQQPvKPP.rtbw
364378256	KQQPvKPP.rtbz
14764304	KQQPvKP.rtbw
18473680	KQQPvKP.rtbz
16618673360	KQQPvKQB.rtbw
18850680720	KQQPvKQB.rtbz
12300129360	KQQPvKQN.rtbw
15431611728	KQQPvKQN.rtbz
5808137360	KQQPvKQP.rtbw
8277136976	KQQPvKQP.rtbz
14751827024	KQQPvKQQ.rtbw
13919430096	KQQPvKQQ.rtbz
31169690064	KQQPvKQR.rtbw
20736888400	KQQPvKQR.rtbz
90133008	KQQPvKQ.rtbw
274515024	KQQPvKQ.rtbz
1168385744	KQQPvKRB.rtbw
6529625296	KQQPvKRB.rtbz
1079891728	KQQPvKRN.rtbw
4680358416	KQQPvKRN.rtbz
1577355408	KQQPvKRP.rtbw
2207016272	KQQPvKRP.rtbz
3496378704	KQQPvKRR.rtbw
4728462928	KQQPvKRR.rtbz
14401360	KQQPvKR.rtbw
100603984	KQQPvKR.rtbz
725200	KQQPvK.rtbw
583760	KQQPvK.rtbz
333786384	KQQQBBvK.rtbw
262148496	KQQQBBvK.rtbz
411709904	KQQQBNvK.rtbw
440621968	KQQQBNvK.rtbz
1460019088	KQQQBPvK.rtbw
354728528	KQQQBPvK.rtbz
78570512	KQQQBvKB.rtbw
369268240	KQQQBvKB.rtbz
84874448	KQQQBvKN.rtbw
306871184	KQQQBvKN.rtbz
445251600	KQQQBvKP.rtbw
491113488	KQQQBvKP.rtbz
462824208	KQQQBvKQ.rtbw
602777104	KQQQBvKQ.rtbz
98338768	KQQQBvKR.rtbw
458808784	KQQQBvKR.rtbz
6620688	KQQQBvK.rtbw
7731216	KQQQBvK.rtbz
303491920	KQQQNNvK.rtbw
350286544	KQQQNNvK.rtbz
1229455120	KQQQNPvK.rtbw
386909584	KQQQNPvK.rtbz
74455824	KQQQNvKB.rtbw
358284432	KQQQNvKB.rtbz
76993424	KQQQNvKN.rtbw
322378256	KQQQNvKN.rtbz
413705360	KQQQNvKP.rtbw
555621136	KQQQNvKP.rtbz
400867920	KQQQNvKQ.rtbw
650960656	KQQQNvKQ.rtbz
87251472	KQQQNvKR.rtbw
439274576	KQQQNvKR.rtbz
6120912	KQQQNvK.rtbw
8823952	KQQQNvK.rtbz
514075408	KQQQPPvK.rtbw
56417744	KQQQPPvK.rtbz
231537680	KQQQPvKB.rtbw
741311184	KQQQPvKB.rtbz
241462288	KQQQPvKN.rtbw
615612560	KQQQPvKN.rtbz
354857808	KQQQPvKP.rtbw
168833296	KQQQPvKP.rtbz
1488740624	KQQQPvKQ.rtbw
1993024336	KQQQPvKQ.rtbz
292024784	KQQQPvKR.rtbw
1113145232	KQQQPvKR.rtbz
23528976	KQQQPvK.rtbw
6752784	KQQQPvK.rtbz
107219792	KQQQQBvK.rtbw
52967312	KQQQQBvK.rtbz
104912336	KQQQQNvK.rtbw
63786448	KQQQQNvK.rtbz
407358352	KQQQQPvK.rtbw
60262928	KQQQQPvK.rtbz
33470096	KQQQQQvK.rtbw
6513424	KQQQQQvK.rtbz
107930768	KQQQQRvK.rtbw
42270800	KQQQQRvK.rtbz
22174608	KQQQQvKB.rtbw
52227472	KQQQQvKB.rtbz
24392464	KQQQQvKN.rtbw
44743248	KQQQQvKN.rtbz
129593616	KQQQQvKP.rtbw
62664016	KQQQQvKP.rtbz
121747408	KQQQQvKQ.rtbw
103357584	KQQQQvKQ.rtbz
23548816	KQQQQvKR.rtbw
76496656	KQQQQvKR.rtbz
2894480	KQQQQvK.rtbw
1321936	KQQQQvK.rtbz
426821008	KQQQRBvK.rtbw
317067024	KQQQRBvK.rtbz
392396624	KQQQRNvK.rtbw
369067408	KQQQRNvK.rtbz
1378372752	KQQQRPvK.rtbw
310373392	KQQQRPvK.rtbz
331939984	KQQQRRvK.rtbw
179880336	KQQQRRvK.rtbz
81158480	KQQQRvKB.rtbw
266502800	KQQQRvKB.rtbz
84713872	KQQQRvKN.rtbw
238280272	KQQQRvKN.rtbz
445562512	KQQQRvKP.rtbw
358697424	KQQQRvKP.rtbz
480801296	KQQQRvKQ.rtbw
479219792	KQQQRvKQ.rtbz
91066896	KQQQRvKR.rtbw
347650000	KQQQRvKR.rtbz
6937040	KQQQRvK.rtbw
6075984	KQQQRvK.rtbz
32412176	KQQQvKBB.rtbw
162064400	KQQQvKBB.rtbz
69370768	KQQQvKBN.rtbw
300078800	KQQQvKBN.rtbz
223271696	KQQQvKBP.rtbw
758550672	KQQQvKBP.rtbz
1338512	KQQQvKB.rtbw
10438160	KQQQvKB.rtbz
31709392	KQQQvKNN.rtbw
151691216	KQQQvKNN.rtbz
220317264	KQQQvKNP.rtbw
698990096	KQQQvKNP.rtbz
1397136	KQQQvKN.rtbw
8950288	KQQQvKN.rtbz
97180560	KQQQvKPP.rtbw
121286992	KQQQvKPP.rtbz
7599184	KQQQvKP.rtbw
12248720	KQQQvKP.rtbz
378269776	KQQQvKQB.rtbw
897023760	KQQQvKQB.rtbz
253040592	KQQQvKQN.rtbw
727211152	KQQQvKQN.rtbz
761741904	KQQQvKQP.rtbw
2010888784	KQQQvKQP.rtbz
1237809872	KQQQvKQQ.rtbw
842487184	KQQQvKQQ.rtbz
962717072	KQQQvKQR.rtbw
1208538960	KQQQvKQR.rtbz
7878160	KQQQvKQ.rtbw
15919888	KQQQvKQ.rtbz
86419408	KQQQvKRB.rtbw
398581776	KQQQvKRB.rtbz
82011728	KQQQvKRN.rtbw
321510736	KQQQvKRN.rtbz
273481104	KQQQvKRP.rtbw
858246672	KQQQvKRP.rtbz
82531408	KQQQvKRR.rtbw
243445968	KQQQvKRR.rtbz
1516560	KQQQvKR.rtbw
11880720	KQQQvKR.rtbz
165648	KQQQvK.rtbw
207248	KQQQvK.rtbz
652604304	KQQRBBvK.rtbw
876382544	KQQRBBvK.rtbz
1118648592	KQQRBNvK.rtbw
1946679632	KQQRBNvK.rtbz
3964918736	KQQRBPvK.rtbw
1355528336	KQQRBPvK.rtbz
225169040	KQQRBvKB.rtbw
1550580752	KQQRBvKB.rtbz
237085776	KQQRBvKN.rtbw
1441086544	KQQRBvKN.rtbz
1244248208	KQQRBvKP.rtbw
2448921424	KQQRBvKP.rtbz
1305426640	KQQRBvKQ.rtbw
2518166672	KQQRBvKQ.rtbz
266279376	KQQRBvKR.rtbw
1781900624	KQQRBvKR.rtbz
17723856	KQQRBvK.rtbw
32904464	KQQRBvK.rtbz
555735952	KQQRNNvK.rtbw
1109310800	KQQRNNvK.rtbz
3417152848	KQQRNPvK.rtbw
1460825616	KQQRNPvK.rtbz
219530576	KQQRNvKB.rtbw
1636579088	KQQRNvKB.rtbz
223132944	KQQRNvKN.rtbw
1550199504	KQQRNvKN.rtbz
1158212048	KQQRNvKP.rtbw
2822829200	KQQRNvKP.rtbz
1113906128	KQQRNvKQ.rtbw
2692404624	KQQRNvKQ.rtbz
256096720	KQQRNvKR.rtbw
1870889872	KQQRNvKR.rtbz
14773968	KQQRNvK.rtbw
37564304	KQQRNvK.rtbz
1293550608	KQQRPPvK.rtbw
188598416	KQQRPPvK.rtbz
676547792	KQQRPvKB.rtbw
2383583056	KQQRPvKB.rtbz
687538384	KQQRPvKN.rtbw
2018118928	KQQRPvKN.rtbz
891035344	KQQRPvKP.rtbw
686773840	KQQRPvKP.rtbz
4159104592	KQQRPvKQ.rtbw
6868518608	KQQRPvKQ.rtbz
835152976	KQQRPvKR.rtbw
3236669648	KQQRPvKR.rtbz
52913040	KQQRPvK.rtbw
24384080	KQQRPvK.rtbz
656490064	KQQRRBvK.rtbw
704333072	KQQRRBvK.rtbz
599193296	KQQRRNvK.rtbw
792419152	KQQRRNvK.rtbz
1881696912	KQQRRPvK.rtbw
583721616	KQQRRPvK.rtbz
313387984	KQQRRRvK.rtbw
255751120	KQQRRRvK.rtbz
124136528	KQQRRvKB.rtbw
593119312	KQQRRvKB.rtbz
125981328	KQQRRvKN.rtbw
540900752	KQQRRvKN.rtbz
635959760	KQQRRvKP.rtbw
971226064	KQQRRvKP.rtbz
675545424	KQQRRvKQ.rtbw
996022032	KQQRRvKQ.rtbz
144287568	KQQRRvKR.rtbw
715471248	KQQRRvKR.rtbz
14424848	KQQRRvK.rtbw
17762000	KQQRRvK.rtbz
107912400	KQQRvKBB.rtbw
527437712	KQQRvKBB.rtbz
208773840	KQQRvKBN.rtbw
956403728	KQQRvKBN.rtbz
726343888	KQQRvKBP.rtbw
2438259472	KQQRvKBP.rtbz
3839568	KQQRvKB.rtbw
33180432	KQQRvKB.rtbz
104384272	KQQRvKNN.rtbw
446684112	KQQRvKNN.rtbz
683807824	KQQRvKNP.rtbw
2359521168	KQQRvKNP.rtbz
3900048	KQQRvKN.rtbw
27568336	KQQRvKN.rtbz
288655824	KQQRvKPP.rtbw
602506832	KQQRvKPP.rtbz
18593168	KQQRvKP.rtbw
57972432	KQQRvKP.rtbz
2120179600	KQQRvKQB.rtbw
4482361744	KQQRvKQB.rtbz
1201597520	KQQRvKQN.rtbw
2951669392	KQQRvKQN.rtbz
3171413072	KQQRvKQP.rtbw
7007667920	KQQRvKQP.rtbz
3941310608	KQQRvKQQ.rtbw
2691075728	KQQRvKQQ.rtbz
5522354448	KQQRvKQR.rtbw
5375044048	KQQRvKQR.rtbz
21874128	KQQRvKQ.rtbw
57594384	KQQRvKQ.rtbz
279198480	KQQRvKRB.rtbw
1360877264	KQQRvKRB.rtbz
253299600	KQQRvKRN.rtbw
1121129488	KQQRvKRN.rtbz
1077845328	KQQRvKRP.rtbw
2633040656	KQQRvKRP.rtbz
334864144	KQQRvKRR.rtbw
857296848	KQQRvKRR.rtbz
4541264	KQQRvKR.rtbw
37920592	KQQRvKR.rtbz
247696	KQQRvK.rtbw
610512	KQQRvK.rtbz
2032656	KQQvKBB.rtbw
23879504	KQQvKBB.rtbz
3658512	KQQvKBN.rtbw
37978576	KQQvKBN.rtbz
22919312	KQQvKBP.rtbw
95096464	KQQvKBP.rtbz
32976	KQQvKB.rtbw
1086480	KQQvKB.rtbz
1920272	KQQvKNN.rtbw
20678928	KQQvKNN.rtbz
19752848	KQQvKNP.rtbw
86715664	KQQvKNP.rtbz
63952	KQQvKN.rtbw
1028688	KQQvKN.rtbz
9937488	KQQvKPP.rtbw
23222864	KQQvKPP.rtbz
372240	KQQvKP.rtbw
1878992	KQQvKP.rtbz
90495952	KQQvKQB.rtbw
154095888	KQQvKQB.rtbz
71048848	KQQvKQN.rtbw
135537680	KQQvKQN.rtbz
161048848	KQQvKQP.rtbw
371823888	KQQvKQP.rtbz
43013200	KQQvKQQ.rtbw
100554832	KQQvKQQ.rtbz
165340624	KQQvKQR.rtbw
134670608	KQQvKQR.rtbz
666832	KQQvKQ.rtbw
2793424	KQQvKQ.rtbz
14912336	KQQvKRB.rtbw
72964240	KQQvKRB.rtbz
10360848	KQQvKRN.rtbw
55360400	KQQvKRN.rtbz
40628880	KQQvKRP.rtbw
122406352	KQQvKRP.rtbz
25641744	KQQvKRR.rtbw
48102992	KQQvKRR.rtbz
82256	KQQvKR.rtbw
1261584	KQQvKR.rtbz
7056	KQQvK.rtbw
25936	KQQvK.rtbz
356931856	KQRBBBvK.rtbw
1061952912	KQRBBBvK.rtbz
830524496	KQRBBNvK.rtbw
3381575824	KQRBBNvK.rtbz
3193299920	KQRBBPvK.rtbw
2117057616	KQRBBPvK.rtbz
218939344	KQRBBvKB.rtbw
2653699472	KQRBBvKB.rtbz
220739472	KQRBBvKN.rtbw
2433086480	KQRBBvKN.rtbz
1161770000	KQRBBvKP.rtbw
5417478544	KQRBBvKP.rtbz
1591228240	KQRBBvKQ.rtbw
6495091536	KQRBBvKQ.rtbz
272199120	KQRBBvKR.rtbw
2919485392	KQRBBvKR.rtbz
13990224	KQRBBvK.rtbw
57387984	KQRBBvK.rtbz
811015248	KQRBNNvK.rtbw
3797055184	KQRBNNvK.rtbz
5209288016	KQRBNPvK.rtbw
4197714064	KQRBNPvK.rtbz
422171280	KQRBNvKB.rtbw
5058589200	KQRBNvKB.rtbz
425974160	KQRBNvKN.rtbw
4691554256	KQRBNvKN.rtbz
2120018192	KQRBNvKP.rtbw
11686615504	KQRBNvKP.rtbz
2802521424	KQRBNvKQ.rtbw
13027855376	KQRBNvKQ.rtbz
529489168	KQRBNvKR.rtbw
6075327440	KQRBNvKR.rtbz
24321168	KQRBNvK.rtbw
128226896	KQRBNvK.rtbz
1893683920	KQRBPPvK.rtbw
471514576	KQRBPPvK.rtbz
1286094608	KQRBPvKB.rtbw
6383066192	KQRBPvKB.rtbz
1290318928	KQRBPvKN.rtbw
5811347536	KQRBPvKN.rtbz
1647141392	KQRBPvKP.rtbw
2558749904	KQRBPvKP.rtbz
11714851536	KQRBPvKQ.rtbw
31944596048	KQRBPvKQ.rtbz
1702716240	KQRBPvKR.rtbw
9780437456	KQRBPvKR.rtbz
83146960	KQRBPvK.rtbw
71024528	KQRBPvK.rtbz
549310672	KQRBvKBB.rtbw
2544036624	KQRBvKBB.rtbz
835122064	KQRBvKBN.rtbw
4301189968	KQRBvKBN.rtbz
3294941200	KQRBvKBP.rtbw
10030148048	KQRBvKBP.rtbz
7298448	KQRBvKB.rtbw
103926736	KQRBvKB.rtbz
387787536	KQRBvKNN.rtbw
1959338128	KQRBvKNN.rtbz
2912760400	KQRBvKNP.rtbw
9212288464	KQRBvKNP.rtbz
7401936	KQRBvKN.rtbw
95770832	KQRBvKN.rtbz
1243128720	KQRBvKPP.rtbw
3211058064	KQRBvKPP.rtbz
42556048	KQRBvKP.rtbw
240624080	KQRBvKP.rtbz
16630202000	KQRBvKQB.rtbw
19779901456	KQRBvKQB.rtbz
13912312464	KQRBvKQN.rtbw
20102734480	KQRBvKQN.rtbz
29290113872	KQRBvKQP.rtbw
50233264336	KQRBvKQP.rtbz
9776350736	KQRBvKQQ.rtbw
10310501200	KQRBvKQQ.rtbz
20958471568	KQRBvKQR.rtbw
19689521040	KQRBvKQR.rtbz
115667472	KQRBvKQ.rtbw
322596688	KQRBvKQ.rtbz
2727366544	KQRBvKRB.rtbw
8057420176	KQRBvKRB.rtbz
2316536656	KQRBvKRN.rtbw
6730075728	KQRBvKRN.rtbz
6503518096	KQRBvKRP.rtbw
15059296976	KQRBvKRP.rtbz
2707629904	KQRBvKRR.rtbw
5611632528	KQRBvKRR.rtbz
15078224	KQRBvKR.rtbw
164629264	KQRBvKR.rtbz
280720	KQRBvK.rtbw
2226576	KQRBvK.rtbz
231098320	KQRNNNvK.rtbw
1375362128	KQRNNNvK.rtbz
2291568080	KQRNNPvK.rtbw
2205032528	KQRNNPvK.rtbz
212278800	KQRNNvKB.rtbw
2933822160	KQRNNvKB.rtbz
211155152	KQRNNvKN.rtbw
3063145232	KQRNNvKN.rtbz
1055667152	KQRNNvKP.rtbw
6482763664	KQRNNvKP.rtbz
1646495632	KQRNNvKQ.rtbw
7391469456	KQRNNvKQ.rtbz
268716368	KQRNNvKR.rtbw
3522393424	KQRNNvKR.rtbz
10627344	KQRNNvK.rtbw
75176976	KQRNNvK.rtbz
1612979856	KQRNPPvK.rtbw
495744720	KQRNPPvK.rtbz
1259171728	KQRNPvKB.rtbw
6918376464	KQRNPvKB.rtbz
1261471248	KQRNPvKN.rtbw
5752504464	KQRNPvKN.rtbz
1548999056	KQRNPvKP.rtbw
2476793872	KQRNPvKP.rtbz
11839152464	KQRNPvKQ.rtbw
33159896144	KQRNPvKQ.rtbz
1710173904	KQRNPvKR.rtbw
9417282448	KQRNPvKR.rtbz
69077968	KQRNPvK.rtbw
70400080	KQRNPvK.rtbz
630268496	KQRNvKBB.rtbw
2511706832	KQRNvKBB.rtbz
1136690704	KQRNvKBN.rtbw
4341148624	KQRNvKBN.rtbz
3245880464	KQRNvKBP.rtbw
10066267408	KQRNvKBP.rtbz
7210000	KQRNvKB.rtbw
101389136	KQRNvKB.rtbz
505700112	KQRNvKNN.rtbw
1817342672	KQRNvKNN.rtbz
3028772944	KQRNvKNP.rtbw
9306581072	KQRNvKNP.rtbz
7237200	KQRNvKN.rtbw
87819792	KQRNvKN.rtbz
1277561168	KQRNvKPP.rtbw
3285912208	KQRNvKPP.rtbz
40129616	KQRNvKP.rtbw
261183312	KQRNvKP.rtbz
16184572304	KQRNvKQB.rtbw
20371333904	KQRNvKQB.rtbz
13994604432	KQRNvKQN.rtbw
19730390224	KQRNvKQN.rtbz
29818226000	KQRNvKQP.rtbw
54268602832	KQRNvKQP.rtbz
9974594576	KQRNvKQQ.rtbw
8506914768	KQRNvKQQ.rtbz
21871829072	KQRNvKQR.rtbw
22722357200	KQRNvKQR.rtbz
111313808	KQRNvKQ.rtbw
428078096	KQRNvKQ.rtbz
2696253328	KQRNvKRB.rtbw
8608922448	KQRNvKRB.rtbz
2290565520	KQRNvKRN.rtbw
7259592784	KQRNvKRN.rtbz
7222418000	KQRNvKRP.rtbw
17686337744	KQRNvKRP.rtbz
3581502544	KQRNvKRR.rtbw
7334609616	KQRNvKRR.rtbz
15311888	KQRNvKR.rtbw
196360784	KQRNvKR.rtbz
211920	KQRNvK.rtbw
2435344	KQRNvK.rtbz
363986704	KQRPPPvK.rtbw
65642576	KQRPPPvK.rtbz
482724048	KQRPPvKB.rtbw
1586162640	KQRPPvKB.rtbz
478732304	KQRPPvKN.rtbw
1241408720	KQRPPvKN.rtbz
555935824	KQRPPvKP.rtbw
366693392	KQRPPvKP.rtbz
6511604048	KQRPPvKQ.rtbw
12322597264	KQRPPvKQ.rtbz
708669520	KQRPPvKR.rtbw
2996161168	KQRPPvKR.rtbz
23539984	KQRPPvK.rtbw
7548240	KQRPPvK.rtbz
2176998480	KQRPvKBB.rtbw
4087923280	KQRPvKBB.rtbz
3850512464	KQRPvKBN.rtbw
7026222864	KQRPvKBN.rtbz
3283415568	KQRPvKBP.rtbw
3633317648	KQRPvKBP.rtbz
21878352	KQRPvKB.rtbw
141897232	KQRPvKB.rtbz
1961378320	KQRPvKNN.rtbw
3217463760	KQRPvKNN.rtbz
3107076432	KQRPvKNP.rtbw
3298524560	KQRPvKNP.rtbz
22569104	KQRPvKN.rtbw
130358736	KQRPvKN.rtbz
1322313424	KQRPvKPP.rtbw
1048531472	KQRPvKPP.rtbz
34824016	KQRPvKP.rtbw
51877520	KQRPvKP.rtbz
68117132240	KQRPvKQB.rtbw
55960498192	KQRPvKQB.rtbz
60004439760	KQRPvKQN.rtbw
53310295376	KQRPvKQN.rtbz
29589289552	KQRPvKQP.rtbw
29580795984	KQRPvKQP.rtbz
31778026448	KQRPvKQQ.rtbw
26914160144	KQRPvKQQ.rtbz
74313918288	KQRPvKQR.rtbw
75531802448	KQRPvKQR.rtbz
453088912	KQRPvKQ.rtbw
814927696	KQRPvKQ.rtbz
10277262928	KQRPvKRB.rtbw
15047462864	KQRPvKRB.rtbz
8959153040	KQRPvKRN.rtbw
12500831440	KQRPvKRN.rtbz
6057841808	KQRPvKRP.rtbw
6482504464	KQRPvKRP.rtbz
17827896400	KQRPvKRR.rtbw
14691649296	KQRPvKRR.rtbz
37220240	KQRPvKR.rtbw
188836176	KQRPvKR.rtbz
907600	KQRPvK.rtbw
1170832	KQRPvK.rtbz
627617744	KQRRBBvK.rtbw
1370181392	KQRRBBvK.rtbz
936125392	KQRRBNvK.rtbw
2628715152	KQRRBNvK.rtbz
3335530960	KQRRBPvK.rtbw
1861425616	KQRRBPvK.rtbz
224162128	KQRRBvKB.rtbw
2291259024	KQRRBvKB.rtbz
226299280	KQRRBvKN.rtbw
2235461328	KQRRBvKN.rtbz
1178617552	KQRRBvKP.rtbw
4201045584	KQRRBvKP.rtbz
1256226896	KQRRBvKQ.rtbw
4085828560	KQRRBvKQ.rtbz
279180432	KQRRBvKR.rtbw
2753595024	KQRRBvKR.rtbz
15652304	KQRRBvK.rtbw
46288848	KQRRBvK.rtbz
517562896	KQRRNNvK.rtbw
1660057744	KQRRNNvK.rtbz
2796493392	KQRRNPvK.rtbw
1874043024	KQRRNPvK.rtbz
215471696	KQRRNvKB.rtbw
2084870416	KQRRNvKB.rtbz
217476944	KQRRNvKN.rtbw
1947287376	KQRRNvKN.rtbz
1066766672	KQRRNvKP.rtbw
4441431824	KQRRNvKP.rtbz
1195832592	KQRRNvKQ.rtbw
6289604624	KQRRNvKQ.rtbz
265383376	KQRRNvKR.rtbw
2595018384	KQRRNvKR.rtbz
12799440	KQRRNvK.rtbw
49557456	KQRRNvK.rtbz
1009513168	KQRRPPvK.rtbw
218697296	KQRRPPvK.rtbz
658982096	KQRRPvKB.rtbw
3062796560	KQRRPvKB.rtbz
658242704	KQRRPvKN.rtbw
2722408848	KQRRPvKN.rtbz
837373008	KQRRPvKP.rtbw
1008572752	KQRRPvKP.rtbz
5020747408	KQRRPvKQ.rtbw
13268879824	KQRRPvKQ.rtbz
864048336	KQRRPvKR.rtbw
4339840656	KQRRPvKR.rtbz
40372560	KQRRPvK.rtbw
30194960	KQRRPvK.rtbz
373736656	KQRRRBvK.rtbw
624001744	KQRRRBvK.rtbz
320685392	KQRRRNvK.rtbw
646878608	KQRRRNvK.rtbz
1019435024	KQRRRPvK.rtbw
490648720	KQRRRPvK.rtbz
91742160	KQRRRRvK.rtbw
110712528	KQRRRRvK.rtbz
77435664	KQRRRvKB.rtbw
506150864	KQRRRvKB.rtbz
78248656	KQRRRvKN.rtbw
469713552	KQRRRvKN.rtbz
385616336	KQRRRvKP.rtbw
1020470160	KQRRRvKP.rtbz
442043280	KQRRRvKQ.rtbw
913820496	KQRRRvKQ.rtbz
92186128	KQRRRvKR.rtbw
627800272	KQRRRvKR.rtbz
5286672	KQRRRvK.rtbw
10875152	KQRRRvK.rtbz
116581328	KQRRvKBB.rtbw
885745744	KQRRvKBB.rtbz
216566992	KQRRvKBN.rtbw
1674664016	KQRRvKBN.rtbz
1135239952	KQRRvKBP.rtbw
4280460752	KQRRvKBP.rtbz
3739152	KQRRvKB.rtbw
47545040	KQRRvKB.rtbz
107175056	KQRRvKNN.rtbw
723328464	KQRRvKNN.rtbz
982166224	KQRRvKNP.rtbw
4019270096	KQRRvKNP.rtbz
3752976	KQRRvKN.rtbw
45985936	KQRRvKN.rtbz
381849168	KQRRvKPP.rtbw
1147432208	KQRRvKPP.rtbz
17930128	KQRRvKP.rtbw
89103952	KQRRvKP.rtbz
6065248976	KQRRvKQB.rtbw
6973173904	KQRRvKQB.rtbz
4486720400	KQRRvKQN.rtbw
6304219408	KQRRvKQN.rtbz
7089197008	KQRRvKQP.rtbw
16022517648	KQRRvKQP.rtbz
3391933776	KQRRvKQQ.rtbw
3620104592	KQRRvKQQ.rtbz
9587877968	KQRRvKQR.rtbw
7013232592	KQRRvKQR.rtbz
29146448	KQRRvKQ.rtbw
109369168	KQRRvKQ.rtbz
860374416	KQRRvKRB.rtbw
2441264592	KQRRvKRB.rtbz
528436432	KQRRvKRN.rtbw
2058892624	KQRRvKRN.rtbz
1825432208	KQRRvKRP.rtbw
4901269584	KQRRvKRP.rtbz
1068326288	KQRRvKRR.rtbw
1632915536	KQRRvKRR.rtbz
4563472	KQRRvKR.rtbw
52081168	KQRRvKR.rtbz
200528	KQRRvK.rtbw
880848	KQRRvK.rtbz
15533712	KQRvKBB.rtbw
79237264	KQRvKBB.rtbz
32155216	KQRvKBN.rtbw
114842832	KQRvKBN.rtbz
119317200	KQRvKBP.rtbw
218380432	KQRvKBP.rtbz
159568	KQRvKB.rtbw
2664848	KQRvKB.rtbz
22948688	KQRvKNN.rtbw
49082064	KQRvKNN.rtbz
137872208	KQRvKNP.rtbw
181283152	KQRvKNP.rtbz
250832	KQRvKN.rtbw
1878608	KQRvKN.rtbz
40663504	KQRvKPP.rtbw
66843920	KQRvKPP.rtbz
984976	KQRvKP.rtbw
4687056	KQRvKP.rtbz
386598864	KQRvKQB.rtbw
340386640	KQRvKQB.rtbz
367470096	KQRvKQN.rtbw
339980816	KQRvKQN.rtbz
865977040	KQRvKQP.rtbw
1311151696	KQRvKQP.rtbz
166901648	KQRvKQR.rtbw
543938512	KQRvKQR.rtbz
3095888	KQRvKQ.rtbw
9245968	KQRvKQ.rtbz
88047184	KQRvKRB.rtbw
239502160	KQRvKRB.rtbz
70927056	KQRvKRN.rtbw
200742672	KQRvKRN.rtbz
175112784	KQRvKRP.rtbw
405163472	KQRvKRP.rtbz
132920464	KQRvKRR.rtbw
177186000	KQRvKRR.rtbz
279824	KQRvKR.rtbw
3421968	KQRvKR.rtbz
4560	KQRvK.rtbw
44112	KQRvK.rtbz
6672	KQvKB.rtbw
195216	KQvKB.rtbz
10064	KQvKN.rtbw
162640	KQvKN.rtbz
58064	KQvKP.rtbw
205776	KQvKP.rtbz
16528	KQvKQ.rtbw
6736	KQvKQ.rtbz
20496	KQvKR.rtbw
309008	KQvKR.rtbz
272	KQvK.rtbw
5328	KQvK.rtbz
61861776	KRBBBBvK.rtbw
989310736	KRBBBBvK.rtbz
213422224	KRBBBNvK.rtbw
3612511504	KRBBBNvK.rtbz
710604496	KRBBBPvK.rtbw
1371516496	KRBBBPvK.rtbz
219614672	KRBBBvKB.rtbw
4325957136	KRBBBvKB.rtbz
155937680	KRBBBvKN.rtbw
2799203600	KRBBBvKN.rtbz
1328502992	KRBBBvKP.rtbw
3431986640	KRBBBvKP.rtbz
4083467408	KRBBBvKQ.rtbw
5956368400	KRBBBvKQ.rtbz
197253968	KRBBBvKR.rtbw
4720043408	KRBBBvKR.rtbz
3267728	KRBBBvK.rtbw
89078608	KRBBBvK.rtbz
302278544	KRBBNNvK.rtbw
5909520272	KRBBNNvK.rtbz
1810645392	KRBBNPvK.rtbw
3468431888	KRBBNPvK.rtbz
373781072	KRBBNvKB.rtbw
12414335376	KRBBNvKB.rtbz
218409424	KRBBNvKN.rtbw
8437715600	KRBBNvKN.rtbz
3054405008	KRBBNvKP.rtbw
8299967824	KRBBNvKP.rtbz
12308998800	KRBBNvKQ.rtbw
29043086864	KRBBNvKQ.rtbz
515687504	KRBBNvKR.rtbw
15591199376	KRBBNvKR.rtbz
8330384	KRBBNvK.rtbw
232027344	KRBBNvK.rtbz
612127120	KRBBPPvK.rtbw
308269712	KRBBPPvK.rtbz
1457023312	KRBBPvKB.rtbw
4813817552	KRBBPvKB.rtbz
849004944	KRBBPvKN.rtbw
2782746128	KRBBPvKN.rtbz
4077808528	KRBBPvKP.rtbw
1880371920	KRBBPvKP.rtbz
58115428368	KRBBPvKQ.rtbw
57269141904	KRBBPvKQ.rtbz
1914767760	KRBBPvKR.rtbw
6433346000	KRBBPvKR.rtbz
26275152	KRBBPvK.rtbw
47005200	KRBBPvK.rtbz
2483204304	KRBBvKBB.rtbw
12575693584	KRBBvKBB.rtbz
3195943312	KRBBvKBN.rtbw
17761598672	KRBBvKBN.rtbz
16827939344	KRBBvKBP.rtbw
30511092176	KRBBvKBP.rtbz
16366096	KRBBvKB.rtbw
342632272	KRBBvKB.rtbz
1580997456	KRBBvKNN.rtbw
6119367056	KRBBvKNN.rtbz
13475675024	KRBBvKNP.rtbw
16948801808	KRBBvKNP.rtbz
14682320	KRBBvKN.rtbw
233675152	KRBBvKN.rtbz
5687034256	KRBBvKPP.rtbw
3323917456	KRBBvKPP.rtbz
102882192	KRBBvKP.rtbw
215424848	KRBBvKP.rtbz
17662510992	KRBBvKQB.rtbw
18810143696	KRBBvKQB.rtbz
16188095888	KRBBvKQN.rtbw
19692143568	KRBBvKQN.rtbz
53244852496	KRBBvKQP.rtbw
16975434320	KRBBvKQP.rtbz
2693689232	KRBBvKQQ.rtbw
2378761488	KRBBvKQQ.rtbz
9191703568	KRBBvKQR.rtbw
10963624912	KRBBvKQR.rtbz
248518544	KRBBvKQ.rtbw
50603472	KRBBvKQ.rtbz
12598941008	KRBBvKRB.rtbw
16965106960	KRBBvKRB.rtbz
14069139408	KRBBvKRN.rtbw
17604229456	KRBBvKRN.rtbz
26896640528	KRBBvKRP.rtbw
51130113616	KRBBvKRP.rtbz
4983502608	KRBBvKRR.rtbw
905104016	KRBBvKRR.rtbz
62810896	KRBBvKR.rtbw
485683856	KRBBvKR.rtbz
134416	KRBBvK.rtbw
6354384	KRBBvK.rtbz
174961680	KRBNNNvK.rtbw
3925518096	KRBNNNvK.rtbz
1532557840	KRBNNPvK.rtbw
3078275024	KRBNNPvK.rtbz
226579856	KRBNNvKB.rtbw
11807395024	KRBNNvKB.rtbz
219371984	KRBNNvKN.rtbw
10257474768	KRBNNvKN.rtbz
3752635600	KRBNNvKP.rtbw
8444041232	KRBNNvKP.rtbz
13328348176	KRBNNvKQ.rtbw
26995712208	KRBNNvKQ.rtbz
708368208	KRBNNvKR.rtbw
17926249296	KRBNNvKR.rtbz
7478480	KRBNNvK.rtbw
237828368	KRBNNvK.rtbz
1016974288	KRBNPPvK.rtbw
599266192	KRBNPPvK.rtbz
1392163792	KRBNPvKB.rtbw
5728166352	KRBNPvKB.rtbz
1354974096	KRBNPvKN.rtbw
4779055248	KRBNPvKN.rtbz
7870558352	KRBNPvKP.rtbw
3560068688	KRBNPvKP.rtbz
112625776208	KRBNPvKQ.rtbw
109190544144	KRBNPvKQ.rtbz
3295907344	KRBNPvKR.rtbw
13396164176	KRBNPvKR.rtbz
44036304	KRBNPvK.rtbw
78726864	KRBNPvK.rtbz
4405352400	KRBNvKBB.rtbw
21982601104	KRBNvKBB.rtbz
5871178768	KRBNvKBN.rtbw
36672392976	KRBNvKBN.rtbz
30823925072	KRBNvKBP.rtbw
51762562768	KRBNvKBP.rtbz
21869584	KRBNvKB.rtbw
647634192	KRBNvKB.rtbz
2404034512	KRBNvKNN.rtbw
14769005200	KRBNvKNN.rtbz
31681194704	KRBNvKNP.rtbw
38569609808	KRBNvKNP.rtbz
21899280	KRBNvKN.rtbw
481212048	KRBNvKN.rtbz
11601052688	KRBNvKPP.rtbw
6336842320	KRBNvKPP.rtbz
194035984	KRBNvKP.rtbw
307181456	KRBNvKP.rtbz
27683781392	KRBNvKQB.rtbw
29703655888	KRBNvKQB.rtbz
35687980752	KRBNvKQN.rtbw
48476078608	KRBNvKQN.rtbz
105519605136	KRBNvKQP.rtbw
38175251728	KRBNvKQP.rtbz
3585458768	KRBNvKQQ.rtbw
3701344016	KRBNvKQQ.rtbz
14126047504	KRBNvKQR.rtbw
18741848592	KRBNvKQR.rtbz
459799184	KRBNvKQ.rtbw
114678608	KRBNvKQ.rtbz
46163484752	KRBNvKRB.rtbw
54810115280	KRBNvKRB.rtbz
41632251088	KRBNvKRN.rtbw
72137970192	KRBNvKRN.rtbz
57067616080	KRBNvKRP.rtbw
109857135952	KRBNvKRP.rtbz
9316791184	KRBNvKRR.rtbw
1370731408	KRBNvKRR.rtbz
127959504	KRBNvKR.rtbw
950576848	KRBNvKR.rtbz
207696	KRBNvK.rtbw
9500944	KRBNvK.rtbz
228235280	KRBPPPvK.rtbw
74281168	KRBPPPvK.rtbz
818499792	KRBPPvKB.rtbw
1046641168	KRBPPvKB.rtbz
581185680	KRBPPvKN.rtbw
711507024	KRBPPvKN.rtbz
3067063248	KRBPPvKP.rtbw
839255312	KRBPPvKP.rtbz
43817949904	KRBPPvKQ.rtbw
14719432784	KRBPPvKQ.rtbz
1930171728	KRBPPvKR.rtbw
3731899792	KRBPPvKR.rtbz
13716816	KRBPPvK.rtbw
9701456	KRBPPvK.rtbz
19424634704	KRBPvKBB.rtbw
37392206224	KRBPvKBB.rtbz
32434349136	KRBPvKBN.rtbw
50257477008	KRBPvKBN.rtbz
26998988688	KRBPvKBP.rtbw
14687158736	KRBPvKBP.rtbz
83754320	KRBPvKB.rtbw
212784784	KRBPvKB.rtbz
14465820560	KRBPvKNN.rtbw
19194149392	KRBPvKNN.rtbz
22985419600	KRBPvKNP.rtbw
11031823120	KRBPvKNP.rtbz
67843664	KRBPvKN.rtbw
144203216	KRBPvKN.rtbz
11151912592	KRBPvKPP.rtbw
2509517712	KRBPvKPP.rtbz
209506576	KRBPvKP.rtbw
72228368	KRBPvKP.rtbz
53752670416	KRBPvKQB.rtbw
81899566224	KRBPvKQB.rtbz
62006089616	KRBPvKQN.rtbw
89547271056	KRBPvKQN.rtbz
71949574736	KRBPvKQP.rtbw
36203582416	KRBPvKQP.rtbz
7486524240	KRBPvKQQ.rtbw
9259898384	KRBPvKQQ.rtbz
35919891600	KRBPvKQR.rtbw
40032452944	KRBPvKQR.rtbz
1992216400	KRBPvKQ.rtbw
671151248	KRBPvKQ.rtbz
80280358288	KRBPvKRB.rtbw
22901728336	KRBPvKRB.rtbz
80189016848	KRBPvKRN.rtbw
33906085648	KRBPvKRN.rtbz
48381043216	KRBPvKRP.rtbw
44069083408	KRBPvKRP.rtbz
38089309904	KRBPvKRR.rtbw
7192025360	KRBPvKRR.rtbz
440252880	KRBPvKR.rtbw
1048610064	KRBPvKR.rtbz
531600	KRBPvK.rtbw
951632	KRBPvK.rtbz
151874768	KRBvKBB.rtbw
64923856	KRBvKBB.rtbz
668332048	KRBvKBN.rtbw
994129424	KRBvKBN.rtbz
957809296	KRBvKBP.rtbw
2167401424	KRBvKBP.rtbz
916624	KRBvKB.rtbw
20128272	KRBvKB.rtbz
379484176	KRBvKNN.rtbw
755095248	KRBvKNN.rtbz
931510288	KRBvKNP.rtbw
1549052816	KRBvKNP.rtbz
998224	KRBvKN.rtbw
17507152	KRBvKN.rtbz
299028816	KRBvKPP.rtbw
172445008	KRBvKPP.rtbz
5300624	KRBvKP.rtbw
9324304	KRBvKP.rtbz
9588688	KRBvKQ.rtbw
5323152	KRBvKQ.rtbz
110375440	KRBvKRB.rtbw
27321424	KRBvKRB.rtbz
202112080	KRBvKRN.rtbw
21877968	KRBvKRN.rtbz
818979472	KRBvKRP.rtbw
120733584	KRBvKRP.rtbz
2035280	KRBvKR.rtbw
575440	KRBvKR.rtbz
2832	KRBvK.rtbw
261776	KRBvK.rtbz
38233488	KRNNNNvK.rtbw
1052803024	KRNNNNvK.rtbz
436120784	KRNNNPvK.rtbw
907288080	KRNNNPvK.rtbz
106101008	KRNNNvKB.rtbw
4480684752	KRNNNvKB.rtbz
99664336	KRNNNvKN.rtbw
3910945232	KRNNNvKN.rtbz
1470429968	KRNNNvKP.rtbw
2908465680	KRNNNvKP.rtbz
4644766800	KRNNNvKQ.rtbw
7069804368	KRNNNvKQ.rtbz
327827344	KRNNNvKR.rtbw
6653140240	KRNNNvKR.rtbz
2222800	KRNNNvK.rtbw
87737616	KRNNNvK.rtbz
414799696	KRNNPPvK.rtbw
305141968	KRNNPPvK.rtbz
897981904	KRNNPvKB.rtbw
3310143056	KRNNPvKB.rtbz
1000698320	KRNNPvKN.rtbw
3139075024	KRNNPvKN.rtbz
4564925904	KRNNPvKP.rtbw
1981870416	KRNNPvKP.rtbz
54159213008	KRNNPvKQ.rtbw
43891792208	KRNNPvKQ.rtbz
3005008208	KRNNPvKR.rtbw
10127745296	KRNNPvKR.rtbz
18446096	KRNNPvK.rtbw
33313104	KRNNPvK.rtbz
3164052560	KRNNvKBB.rtbw
12568311824	KRNNvKBB.rtbz
3697749072	KRNNvKBN.rtbw
23021395664	KRNNvKBN.rtbz
19766087568	KRNNvKBP.rtbw
33075618256	KRNNvKBP.rtbz
13095504	KRNNvKB.rtbw
399610128	KRNNvKB.rtbz
1357480208	KRNNvKNN.rtbw
10907121808	KRNNvKNN.rtbz
18703476752	KRNNvKNP.rtbw
29482852816	KRNNvKNP.rtbz
10782992	KRNNvKN.rtbw
344888400	KRNNvKN.rtbz
7682209808	KRNNvKPP.rtbw
4484126224	KRNNvKPP.rtbz
115122320	KRNNvKP.rtbw
239666384	KRNNvKP.rtbz
12275339024	KRNNvKQB.rtbw
11208431440	KRNNvKQB.rtbz
12876688080	KRNNvKQN.rtbw
11301792144	KRNNvKQN.rtbz
50208780944	KRNNvKQP.rtbw
18548196816	KRNNvKQP.rtbz
1690570448	KRNNvKQQ.rtbw
1762062800	KRNNvKQQ.rtbz
6385168656	KRNNvKQR.rtbw
9799705296	KRNNvKQR.rtbz
198460944	KRNNvKQ.rtbw
49561680	KRNNvKQ.rtbz
25047688912	KRNNvKRB.rtbw
19340529360	KRNNvKRB.rtbz
23825981648	KRNNvKRN.rtbw
31262413456	KRNNvKRN.rtbz
37229977040	KRNNvKRP.rtbw
64420916048	KRNNvKRP.rtbz
4783248912	KRNNvKRR.rtbw
811824208	KRNNvKRR.rtbz
108723024	KRNNvKR.rtbw
567533008	KRNNvKR.rtbz
98832	KRNNvK.rtbw
6841744	KRNNvK.rtbz
188414224	KRNPPPvK.rtbw
71658384	KRNPPPvK.rtbz
696207760	KRNPPvKB.rtbw
868172752	KRNPPvKB.rtbz
626602448	KRNPPvKN.rtbw
759780240	KRNPPvKN.rtbz
3507772624	KRNPPvKP.rtbw
872645584	KRNPPvKP.rtbz
47012985104	KRNPPvKQ.rtbw
23297602448	KRNPPvKQ.rtbz
2404935440	KRNPPvKR.rtbw
4988660688	KRNPPvKR.rtbz
11077328	KRNPPvK.rtbw
9109584	KRNPPvK.rtbz
33365036880	KRNPvKBB.rtbw
42111656912	KRNPvKBB.rtbz
42185842192	KRNPvKBN.rtbw
62957325072	KRNPvKBN.rtbz
31085482512	KRNPvKBP.rtbw
17586555152	KRNPvKBP.rtbz
81836304	KRNPvKB.rtbw
204515856	KRNPvKB.rtbz
16967365008	KRNPvKNN.rtbw
24767488912	KRNPvKNN.rtbz
26832179152	KRNPvKNP.rtbw
13983127120	KRNPvKNP.rtbz
70030800	KRNPvKN.rtbw
153075344	KRNPvKN.rtbz
12963793616	KRNPvKPP.rtbw
3214655824	KRNPvKPP.rtbz
246958352	KRNPvKP.rtbw
77510736	KRNPvKP.rtbz
46533093328	KRNPvKQB.rtbw
67489902736	KRNPvKQB.rtbz
53903195984	KRNPvKQN.rtbw
78536280464	KRNPvKQN.rtbz
65656206416	KRNPvKQP.rtbw
30436177040	KRNPvKQP.rtbz
5911854160	KRNPvKQQ.rtbw
7080636752	KRNPvKQQ.rtbz
29799557072	KRNPvKQR.rtbw
34350373200	KRNPvKQR.rtbz
2104146832	KRNPvKQ.rtbw
925599568	KRNPvKQ.rtbz
72853318096	KRNPvKRB.rtbw
21668400656	KRNPvKRB.rtbz
74082453136	KRNPvKRN.rtbw
29232592272	KRNPvKRN.rtbz
58025199248	KRNPvKRP.rtbw
49364431312	KRNPvKRP.rtbz
40859393936	KRNPvKRR.rtbw
14859544528	KRNPvKRR.rtbz
601396624	KRNPvKR.rtbw
1305378576	KRNPvKR.rtbz
506960	KRNPvK.rtbw
810960	KRNPvK.rtbz
382737744	KRNvKBB.rtbw
413306384	KRNvKBB.rtbz
561574352	KRNvKBN.rtbw
471875536	KRNvKBN.rtbz
1216378256	KRNvKBP.rtbw
2151135440	KRNvKBP.rtbz
1607824	KRNvKB.rtbw
21521616	KRNvKB.rtbz
290002640	KRNvKNN.rtbw
364742800	KRNvKNN.rtbz
1011698768	KRNvKNP.rtbw
1831031184	KRNvKNP.rtbz
691728	KRNvKN.rtbw
21964816	KRNvKN.rtbz
341667728	KRNvKPP.rtbw
219501136	KRNvKPP.rtbz
6367376	KRNvKP.rtbw
9350416	KRNvKP.rtbz
8863888	KRNvKQ.rtbw
6803856	KRNvKQ.rtbz
97808784	KRNvKRN.rtbw
19639952	KRNvKRN.rtbz
802331920	KRNvKRP.rtbw
107623568	KRNvKRP.rtbz
1491856	KRNvKR.rtbw
287632	KRNvKR.rtbz
2320	KRNvK.rtbw
295632	KRNvK.rtbz
29182800	KRPPPPvK.rtbw
11382480	KRPPPPvK.rtbz
257110736	KRPPPvKB.rtbw
181148816	KRPPPvKB.rtbz
189404880	KRPPPvKN.rtbw
144689744	KRPPPvKN.rtbz
1092569744	KRPPPvKP.rtbw
149448848	KRPPPvKP.rtbz
11111429008	KRPPPvKQ.rtbw
5198413840	KRPPPvKQ.rtbz
1075778832	KRPPPvKR.rtbw
1372519888	KRPPPvKR.rtbz
2506512	KRPPPvK.rtbw
1173072	KRPPPvK.rtbz
16508454288	KRPPvKBB.rtbw
6081980752	KRPPvKBB.rtbz
28996307344	KRPPvKBN.rtbw
12680283216	KRPPvKBN.rtbz
11435368336	KRPPvKBP.rtbw
4241347984	KRPPvKBP.rtbz
33441808	KRPPvKB.rtbw
38497104	KRPPvKB.rtbz
12228533136	KRPPvKNN.rtbw
5205522128	KRPPvKNN.rtbz
9632432848	KRPPvKNP.rtbw
3575949264	KRPPvKNP.rtbz
27357328	KRPPvKN.rtbw
29685904	KRPPvKN.rtbz
5054627664	KRPPvKPP.rtbw
1127383952	KRPPvKPP.rtbz
89440400	KRPPvKP.rtbw
16987984	KRPPvKP.rtbz
14885560848	KRPPvKQB.rtbw
18134607184	KRPPvKQB.rtbz
18162125520	KRPPvKQN.rtbw
21901933904	KRPPvKQN.rtbz
16689932048	KRPPvKQP.rtbw
8281893072	KRPPvKQP.rtbz
1713674960	KRPPvKQQ.rtbw
1887057680	KRPPvKQQ.rtbz
7689815440	KRPPvKQR.rtbw
7537807824	KRPPvKQR.rtbz
638092816	KRPPvKQ.rtbw
456417296	KRPPvKQ.rtbz
28687360336	KRPPvKRB.rtbw
5877489808	KRPPvKRB.rtbz
27834688208	KRPPvKRN.rtbw
6556337296	KRPPvKRN.rtbz
23261437520	KRPPvKRP.rtbw
9444643920	KRPPvKRP.rtbz
11767741520	KRPPvKRR.rtbw
14249224400	KRPPvKRR.rtbz
247897168	KRPPvKR.rtbw
247409360	KRPPvKR.rtbz
165072	KRPPvK.rtbw
171408	KRPPvK.rtbz
522144272	KRPvKBB.rtbw
69502480	KRPvKBB.rtbz
1420021008	KRPvKBN.rtbw
376919760	KRPvKBN.rtbz
1242134480	KRPvKBP.rtbw
614933904	KRPvKBP.rtbz
9939984	KRPvKB.rtbw
15630032	KRPvKB.rtbz
656427216	KRPvKNN.rtbw
231318736	KRPvKNN.rtbz
1119221264	KRPvKNP.rtbw
538675472	KRPvKNP.rtbz
9449680	KRPvKN.rtbw
12376144	KRPvKN.rtbz
249114448	KRPvKPP.rtbw
85511504	KRPvKPP.rtbz
4446224	KRPvKP.rtbw
1408272	KRPvKP.rtbz
17606928	KRPvKQ.rtbw
31920016	KRPvKQ.rtbz
516280976	KRPvKRP.rtbw
438637840	KRPvKRP.rtbz
16378576	KRPvKR.rtbw
13725456	KRPvKR.rtbz
5136	KRPvK.rtbw
12944	KRPvK.rtbz
216816528	KRRBBBvK.rtbw
1472171024	KRRBBBvK.rtbz
382462544	KRRBBNvK.rtbw
3863530192	KRRBBNvK.rtbz
1191965968	KRRBBPvK.rtbw
1330774224	KRRBBPvK.rtbz
108044624	KRRBBvKB.rtbw
3311821264	KRRBBvKB.rtbz
109284304	KRRBBvKN.rtbw
2877523600	KRRBBvKN.rtbz
799182736	KRRBBvKP.rtbw
3747585808	KRRBBvKP.rtbz
2577563856	KRRBBvKQ.rtbw
9306878608	KRRBBvKQ.rtbz
150642448	KRRBBvKR.rtbw
3849725520	KRRBBvKR.rtbz
8423824	KRRBBvK.rtbw
85746256	KRRBBvK.rtbz
355120016	KRRBNNvK.rtbw
4432292624	KRRBNNvK.rtbz
1997859856	KRRBNPvK.rtbw
2540135312	KRRBNPvK.rtbz
210219664	KRRBNvKB.rtbw
5724886480	KRRBNvKB.rtbz
210193040	KRRBNvKN.rtbw
4996720720	KRRBNvKN.rtbz
1382943248	KRRBNvKP.rtbw
7001705552	KRRBNvKP.rtbz
4748841552	KRRBNvKQ.rtbw
19674775632	KRRBNvKQ.rtbz
293458000	KRRBNvKR.rtbw
7644847312	KRRBNvKR.rtbz
10427600	KRRBNvK.rtbw
150302352	KRRBNvK.rtbz
670774608	KRRBPPvK.rtbw
279122896	KRRBPPvK.rtbz
639679824	KRRBPvKB.rtbw
3066364560	KRRBPvKB.rtbz
633862992	KRRBPvKN.rtbw
2845142928	KRRBPvKN.rtbz
1513672528	KRRBPvKP.rtbw
1935864400	KRRBPvKP.rtbz
25580937168	KRRBPvKQ.rtbw
40166321744	KRRBPvKQ.rtbz
998411984	KRRBPvKR.rtbw
5300924688	KRRBPvKR.rtbz
29150480	KRRBPvK.rtbw
41012176	KRRBPvK.rtbz
872784976	KRRBvKBB.rtbw
3153892048	KRRBvKBB.rtbz
1078655760	KRRBvKBN.rtbw
5072777424	KRRBvKBN.rtbz
5921129808	KRRBvKBP.rtbw
6582551888	KRRBvKBP.rtbz
3675408	KRRBvKB.rtbw
134213712	KRRBvKB.rtbz
361411216	KRRBvKNN.rtbw
2046371728	KRRBvKNN.rtbz
5357478544	KRRBvKNP.rtbw
5935733008	KRRBvKNP.rtbz
3676304	KRRBvKN.rtbw
109282704	KRRBvKN.rtbz
2302522000	KRRBvKPP.rtbw
1992099856	KRRBvKPP.rtbz
42143696	KRRBvKP.rtbw
126865488	KRRBvKP.rtbz
16258104016	KRRBvKQB.rtbw
7614768592	KRRBvKQB.rtbz
16825176080	KRRBvKQN.rtbw
7975337424	KRRBvKQN.rtbz
47903376144	KRRBvKQP.rtbw
58635089488	KRRBvKQP.rtbz
4417952272	KRRBvKQQ.rtbw
2777726480	KRRBvKQQ.rtbz
13446416720	KRRBvKQR.rtbw
9806902480	KRRBvKQR.rtbz
167901328	KRRBvKQ.rtbw
454638096	KRRBvKQ.rtbz
4595828496	KRRBvKRB.rtbw
13319115216	KRRBvKRB.rtbz
3533465488	KRRBvKRN.rtbw
11672198160	KRRBvKRN.rtbz
9721908752	KRRBvKRP.rtbw
23595933264	KRRBvKRP.rtbz
6446942224	KRRBvKRR.rtbw
10564124624	KRRBvKRR.rtbz
16228880	KRRBvKR.rtbw
266303632	KRRBvKR.rtbz
159504	KRRBvK.rtbw
2703248	KRRBvK.rtbz
142905232	KRRNNNvK.rtbw
1717017680	KRRNNNvK.rtbz
863774224	KRRNNPvK.rtbw
1273089104	KRRNNPvK.rtbz
104746960	KRRNNvKB.rtbw
3145994384	KRRNNvKB.rtbz
104892432	KRRNNvKN.rtbw
2853447312	KRRNNvKN.rtbz
790331408	KRRNNvKP.rtbw
3382971344	KRRNNvKP.rtbz
2782426576	KRRNNvKQ.rtbw
11588082896	KRRNNvKQ.rtbz
171494928	KRRNNvKR.rtbw
4583268816	KRRNNvKR.rtbz
5860880	KRRNNvK.rtbw
93662864	KRRNNvK.rtbz
553621392	KRRNPPvK.rtbw
272362384	KRRNPPvK.rtbz
625894480	KRRNPvKB.rtbw
2889201232	KRRNPvKB.rtbz
625969360	KRRNPvKN.rtbw
2777445776	KRRNPvKN.rtbz
1675552336	KRRNPvKP.rtbw
1939478160	KRRNPvKP.rtbz
29363933008	KRRNPvKQ.rtbw
43182142672	KRRNPvKQ.rtbz
1055839120	KRRNPvKR.rtbw
5409514832	KRRNPvKR.rtbz
23632272	KRRNPvK.rtbw
40651152	KRRNPvK.rtbz
991748880	KRRNvKBB.rtbw
3538649296	KRRNvKBB.rtbz
1383187728	KRRNvKBN.rtbw
5510568464	KRRNvKBN.rtbz
6498341648	KRRNvKBP.rtbw
6856922384	KRRNvKBP.rtbz
3667344	KRRNvKB.rtbw
126438736	KRRNvKB.rtbz
511223632	KRRNvKNN.rtbw
2216105808	KRRNvKNN.rtbz
6005158672	KRRNvKNP.rtbw
6145033232	KRRNvKNP.rtbz
3654672	KRRNvKN.rtbw
103568208	KRRNvKN.rtbz
2627115984	KRRNvKPP.rtbw
2068731472	KRRNvKPP.rtbz
49373520	KRRNvKP.rtbw
114540752	KRRNvKP.rtbz
15929932112	KRRNvKQB.rtbw
9180823248	KRRNvKQB.rtbz
16720684176	KRRNvKQN.rtbw
8588230608	KRRNvKQN.rtbz
51717880016	KRRNvKQP.rtbw
59179703568	KRRNvKQP.rtbz
4059827152	KRRNvKQQ.rtbw
2653555984	KRRNvKQQ.rtbz
12854106448	KRRNvKQR.rtbw
9044495120	KRRNvKQR.rtbz
200234128	KRRNvKQ.rtbw
491956560	KRRNvKQ.rtbz
4725444944	KRRNvKRB.rtbw
15918990928	KRRNvKRB.rtbz
3422897040	KRRNvKRN.rtbw
14528320720	KRRNvKRN.rtbz
10877146896	KRRNvKRP.rtbw
28954377552	KRRNvKRP.rtbz
9255500880	KRRNvKRR.rtbw
8766750032	KRRNvKRR.rtbz
15226064	KRRNvKR.rtbw
319945232	KRRNvKR.rtbz
100624	KRRNvK.rtbw
2725776	KRRNvK.rtbz
112408784	KRRPPPvK.rtbw
33848912	KRRPPPvK.rtbz
239120400	KRRPPvKB.rtbw
644567312	KRRPPvKB.rtbz
237415504	KRRPPvKN.rtbw
598447056	KRRPPvKN.rtbz
1103170448	KRRPPvKP.rtbw
488838224	KRRPPvKP.rtbz
18773465488	KRRPPvKQ.rtbw
14964909520	KRRPPvKQ.rtbz
468940944	KRRPPvKR.rtbw
1646106000	KRRPPvKR.rtbz
6839568	KRRPPvK.rtbw
4353936	KRRPPvK.rtbz
4026211472	KRRPvKBB.rtbw
5986099792	KRRPvKBB.rtbz
5998428944	KRRPvKBN.rtbw
8902755600	KRRPvKBN.rtbz
6730268624	KRRPvKBP.rtbw
3561176336	KRRPvKBP.rtbz
12656528	KRRPvKB.rtbw
71324368	KRRPvKB.rtbz
2362717456	KRRPvKNN.rtbw
3477944208	KRRPvKNN.rtbz
5999981136	KRRPvKNP.rtbw
3075810832	KRRPvKNP.rtbz
12212304	KRRPvKN.rtbw
65050832	KRRPvKN.rtbz
3578996176	KRRPvKPP.rtbw
1061959824	KRRPvKPP.rtbz
80050640	KRRPvKP.rtbw
34184080	KRRPvKP.rtbz
43023898512	KRRPvKQB.rtbw
48759037968	KRRPvKQB.rtbz
58324215696	KRRPvKQN.rtbw
47088408656	KRRPvKQN.rtbz
35443511568	KRRPvKQP.rtbw
15391831120	KRRPvKQP.rtbz
7822133904	KRRPvKQQ.rtbw
6674696784	KRRPvKQQ.rtbz
28585183376	KRRPvKQR.rtbw
29665249168	KRRPvKQR.rtbz
919934160	KRRPvKQ.rtbw
598910032	KRRPvKQ.rtbz
19426994512	KRRPvKRB.rtbw
31072826960	KRRPvKRB.rtbz
15234157136	KRRPvKRN.rtbw
24957186320	KRRPvKRN.rtbz
9365525136	KRRPvKRP.rtbw
9471067984	KRRPvKRP.rtbz
20654603536	KRRPvKRR.rtbw
10365841616	KRRPvKRR.rtbz
34982544	KRRPvKR.rtbw
168712656	KRRPvKR.rtbz
241872	KRRPvK.rtbw
630032	KRRPvK.rtbz
235431632	KRRRBBvK.rtbw
1076320720	KRRRBBvK.rtbz
268505488	KRRRBNvK.rtbw
1720287760	KRRRBNvK.rtbz
812072784	KRRRBPvK.rtbw
749531664	KRRRBPvK.rtbz
73239376	KRRRBvKB.rtbw
1208047568	KRRRBvKB.rtbz
73553232	KRRRBvKN.rtbw
1101813648	KRRRBvKN.rtbz
351917392	KRRRBvKP.rtbw
2127513808	KRRRBvKP.rtbz
612126096	KRRRBvKQ.rtbw
3757838096	KRRRBvKQ.rtbz
100600016	KRRRBvKR.rtbw
1672364816	KRRRBvKR.rtbz
4222352	KRRRBvK.rtbw
28263952	KRRRBvK.rtbz
181138320	KRRRNNvK.rtbw
1150580560	KRRRNNvK.rtbz
695574928	KRRRNPvK.rtbw
738182800	KRRRNPvK.rtbz
72046480	KRRRNvKB.rtbw
1179420624	KRRRNvKB.rtbz
72218256	KRRRNvKN.rtbw
1089758096	KRRRNvKN.rtbz
342888592	KRRRNvKP.rtbw
1951414672	KRRRNvKP.rtbz
712065616	KRRRNvKQ.rtbw
3776878992	KRRRNvKQ.rtbz
104353936	KRRRNvKR.rtbw
1618302800	KRRRNvKR.rtbz
3464080	KRRRNvK.rtbw
28711632	KRRRNvK.rtbz
224396432	KRRRPPvK.rtbw
81549648	KRRRPPvK.rtbz
215546064	KRRRPvKB.rtbw
1393333008	KRRRPvKB.rtbz
215121424	KRRRPvKN.rtbw
1228989648	KRRRPvKN.rtbz
385326800	KRRRPvKP.rtbw
520350928	KRRRPvKP.rtbz
5670956304	KRRRPvKQ.rtbw
8947873680	KRRRPvKQ.rtbz
327596944	KRRRPvKR.rtbw
1807838672	KRRRPvKR.rtbz
7792400	KRRRPvK.rtbw
11281424	KRRRPvK.rtbz
80559632	KRRRRBvK.rtbw
236962256	KRRRRBvK.rtbz
68541776	KRRRRNvK.rtbw
235749648	KRRRRNvK.rtbz
174448016	KRRRRPvK.rtbw
144508176	KRRRRPvK.rtbz
19684176	KRRRRRvK.rtbw
33682064	KRRRRRvK.rtbz
19207888	KRRRRvKB.rtbw
216307408	KRRRRvKB.rtbz
19201744	KRRRRvKN.rtbw
194510480	KRRRRvKN.rtbz
86990736	KRRRRvKP.rtbw
357189968	KRRRRvKP.rtbz
133994896	KRRRRvKQ.rtbw
608615568	KRRRRvKQ.rtbz
26837904	KRRRRvKR.rtbw
267903376	KRRRRvKR.rtbz
1183824	KRRRRvK.rtbw
4586448	KRRRRvK.rtbz
46740048	KRRRvKBB.rtbw
566214096	KRRRvKBB.rtbz
80184272	KRRRvKBN.rtbw
967447760	KRRRvKBN.rtbz
1067064208	KRRRvKBP.rtbw
1830962896	KRRRvKBP.rtbz
1250768	KRRRvKB.rtbw
28889040	KRRRvKB.rtbz
36022672	KRRRvKNN.rtbw
434907856	KRRRvKNN.rtbz
762163280	KRRRvKNP.rtbw
1700118864	KRRRvKNP.rtbz
1239952	KRRRvKN.rtbw
25568848	KRRRvKN.rtbz
413301456	KRRRvKPP.rtbw
521816976	KRRRvKPP.rtbz
9905552	KRRRvKP.rtbw
33563792	KRRRvKP.rtbz
5188175376	KRRRvKQB.rtbw
4411146704	KRRRvKQB.rtbz
4290186896	KRRRvKQN.rtbw
4625135952	KRRRvKQN.rtbz
9298556752	KRRRvKQP.rtbw
13244113616	KRRRvKQP.rtbz
1910932752	KRRRvKQQ.rtbw
1048220048	KRRRvKQQ.rtbz
3935189840	KRRRvKQR.rtbw
3928063760	KRRRvKQR.rtbz
38932304	KRRRvKQ.rtbw
96446416	KRRRvKQ.rtbz
849419728	KRRRvKRB.rtbw
1996322576	KRRRvKRB.rtbz
453812624	KRRRvKRN.rtbw
1600735504	KRRRvKRN.rtbz
1355453456	KRRRvKRP.rtbw
3093309264	KRRRvKRP.rtbz
930574736	KRRRvKRR.rtbw
1343003088	KRRRvKRR.rtbz
1839376	KRRRvKR.rtbw
34459536	KRRRvKR.rtbz
54800	KRRRvK.rtbw
561488	KRRRvK.rtbz
54987088	KRRvKBB.rtbw
221384208	KRRvKBB.rtbz
77011920	KRRvKBN.rtbw
359994256	KRRvKBN.rtbz
303415760	KRRvKBP.rtbw
527398288	KRRvKBP.rtbz
351376	KRRvKB.rtbw
4341328	KRRvKB.rtbz
41528144	KRRvKNN.rtbw
156681104	KRRvKNN.rtbz
268169296	KRRvKNP.rtbw
395718032	KRRvKNP.rtbz
286288	KRRvKN.rtbw
3313680	KRRvKN.rtbz
83355024	KRRvKPP.rtbw
52397968	KRRvKPP.rtbz
1680272	KRRvKP.rtbw
1885520	KRRvKP.rtbz
4068432	KRRvKQ.rtbw
1127952	KRRvKQ.rtbz
143451664	KRRvKRB.rtbw
46436240	KRRvKRB.rtbz
185764624	KRRvKRN.rtbw
178146128	KRRvKRN.rtbz
303307984	KRRvKRP.rtbw
828542608	KRRvKRP.rtbz
52189648	KRRvKRR.rtbw
19613136	KRRvKRR.rtbz
334224	KRRvKR.rtbw
7700816	KRRvKR.rtbz
1936	KRRvK.rtbw
53520	KRRvK.rtbz
32912	KRvKB.rtbw
9936	KRvKB.rtbz
100048	KRvKN.rtbw
93200	KRvKN.rtbz
179408	KRvKP.rtbw
193424	KRvKP.rtbz
12944	KRvKR.rtbw
3408	KRvKR.rtbz
208	KRvK.rtbw
8272	KRvK.rtbz
